United States Senator,"RepublicanEric Schmitt","DemocraticTrudy Busch Valentine","LibertarianJonathan Dine","ConstitutionPaul Venable","Write-InNathan V. Mooney","Write-InTheo Brown Sr","Write-InDavid Kirk"
Adair,4423,2460,149,39,0,0,0
Andrew,4885,1657,135,50,0,0,0
Atchison,1468,392,32,18,0,0,0
Audrain,5209,2069,145,44,2,0,0
Barry,8537,2046,247,143,0,0,0
Barton,3654,586,57,29,0,0,0
Bates,4227,1362,125,52,0,0,0
Benton,5717,1773,143,95,0,0,0
Bollinger,3589,507,47,25,0,0,0
Boone,25940,35608,1243,318,0,1,0
Buchanan,14828,8884,574,283,0,0,0
Butler,9345,1872,226,76,0,0,0
Caldwell,2588,745,68,31,0,0,0
Callaway,9917,4622,332,132,0,0,0
Camden,13380,4384,331,193,0,0,0
Cape Girardeau,20511,6650,473,254,0,0,0
Carroll,2610,685,49,15,0,0,0
Carter,1578,298,26,9,0,0,0
Cass,24848,13927,744,279,0,0,1
Cedar,3962,929,149,109,0,0,0
Chariton,2083,667,38,25,0,0,0
Christian,24206,8070,720,304,0,0,0
Clark,1738,535,45,31,0,0,0
Clay,43210,41987,1593,615,0,0,0
Clinton,5147,2219,148,55,0,0,0
Cole,18289,9487,559,197,0,0,0
Cooper,4198,1737,120,73,0,0,0
Crawford,5822,1610,114,57,0,0,0
Dade,2395,501,64,37,0,0,0
Dallas,4449,1097,125,81,0,0,0
Daviess,2029,608,39,33,0,0,0
United States Senator,"RepublicanEric Schmitt","DemocraticTrudy Busch Valentine","LibertarianJonathan Dine","ConstitutionPaul Venable","Write-InNathan V. Mooney","Write-InTheo Brown Sr","Write-InDavid Kirk"
De Kalb,2575,700,88,31,0,0,0
Dent,4030,822,102,60,0,0,0
Douglas,4101,780,103,48,0,0,0
Dunklin,4906,1167,92,53,0,0,2
Franklin,25089,11139,589,271,0,0,0
Gasconade,4306,1299,84,23,0,0,0
Gentry,1748,528,37,12,0,0,0
Greene,55499,39211,2223,1078,0,0,0
Grundy,2514,641,46,25,0,0,0
Harrison,2237,445,41,13,0,0,0
Henry,5232,2084,128,84,0,0,0
Hickory,2747,796,87,38,0,0,0
Holt,1383,262,20,6,0,0,0
Howard,2529,1212,99,32,0,0,0
Howell,10336,2452,342,168,0,0,0
Iron,2246,747,49,30,0,0,0
Jackson,64471,62895,2188,1041,1,0,0
Jasper,25183,8500,785,231,0,0,0
Jefferson,48881,28670,1226,660,0,0,0
Johnson,10019,5134,376,143,0,0,0
Kansas City,16353,68143,1134,373,1,0,0
Knox,996,317,32,21,0,0,0
Laclede,9018,1948,260,125,0,0,0
Lafayette,8233,3525,213,59,0,0,0
Lawrence,9834,2316,251,160,0,0,0
Lewis,2339,716,72,25,0,0,0
Lincoln,14099,5202,413,159,0,0,0
Linn,2915,1129,68,19,0,0,0
Livingston,3523,1131,52,37,0,0,0
Macon,4264,1174,103,47,0,0,0
Madison,2907,721,63,29,0,0,0
United States Senator,"RepublicanEric Schmitt","DemocraticTrudy Busch Valentine","LibertarianJonathan Dine","ConstitutionPaul Venable","Write-InNathan V. Mooney","Write-InTheo Brown Sr","Write-InDavid Kirk"
Maries,2737,652,45,20,0,0,0
Marion,6254,2197,187,55,0,0,0
McDonald,5001,887,151,52,0,0,0
Mercer,1028,213,20,3,0,0,0
Miller,6889,1574,184,92,0,0,0
Mississippi,2237,592,42,25,0,0,0
Moniteau,3903,1088,95,42,0,0,0
Monroe,2344,739,56,19,0,0,0
Montgomery,2990,1015,51,29,0,0,0
Morgan,5150,1584,137,80,0,0,0
New Madrid,3347,964,76,25,0,0,0
Newton,15565,3878,388,106,0,0,0
Nodaway,4757,2156,116,32,0,0,0
Oregon,2391,571,61,48,0,0,0
Osage,4587,856,76,14,0,0,0
Ozark,2960,610,73,56,0,0,0
Pemiscot,2457,707,40,13,0,0,0
Perry,5113,1101,85,41,0,0,0
Pettis,9032,3677,283,160,0,0,0
Phelps,9268,4001,259,90,0,0,0
Pike,3738,1299,82,48,0,0,0
Platte,20304,19918,683,215,0,0,0
Polk,7948,2184,303,128,0,0,0
Pulaski,6703,2224,270,116,0,0,0
Putnam,1379,287,29,19,0,0,0
Ralls,2917,935,95,35,0,0,0
Randolph,5242,1954,163,65,0,0,0
Ray,5286,2403,158,92,0,0,0
Reynolds,1817,512,43,24,0,0,0
Ripley,3005,609,82,39,0,0,0
Saline,4030,2079,119,50,0,0,0
United States Senator,"RepublicanEric Schmitt","DemocraticTrudy Busch Valentine","LibertarianJonathan Dine","ConstitutionPaul Venable","Write-InNathan V. Mooney","Write-InTheo Brown Sr","Write-InDavid Kirk"
Schuyler,1182,304,37,7,0,0,0
Scotland,1010,305,32,13,0,0,0
Scott,9210,2161,156,98,0,0,0
Shannon,2243,586,52,29,0,0,0
Shelby,1753,479,53,13,0,0,0
St. Charles,83559,64552,2158,709,1,0,0
St. Clair,2711,835,101,44,1,0,0
St. Francois,12552,5197,338,151,0,0,0
St. Louis,137197,226772,4098,1548,7,3,0
St. Louis City,12835,69839,1098,324,0,0,0
Ste. Genevieve,4329,2181,86,44,0,0,0
Stoddard,7320,1145,113,54,0,0,0
Stone,10784,2662,234,129,0,0,0
Sullivan,1360,344,30,10,0,0,0
Taney,13734,3542,335,184,0,0,0
Texas,6621,1337,184,115,0,0,0
Vernon,4620,1325,136,75,0,0,0
Warren,9103,3768,233,68,0,0,0
Washington,5267,1498,109,60,0,0,0
Wayne,3374,605,54,30,0,0,0
Webster,10667,3008,325,206,0,0,0
Worth,651,184,22,6,0,0,0
Wright,5210,819,159,55,1,0,0
Total,1146966,872694,34821,14608,14,4,3
United States Senator,"Write-InGina Bufe","Write-InMartin Lindstedt","Write-InRik Combs","Write-InSteve Price",Total
Adair,0,0,0,0,7071
Andrew,0,0,0,0,6727
Atchison,0,0,0,0,1910
Audrain,0,0,0,0,7469
Barry,0,0,0,0,10973
Barton,0,0,0,0,4326
Bates,0,0,0,0,5766
Benton,0,0,0,0,7728
Bollinger,0,0,0,0,4168
Boone,0,0,0,0,63110
Buchanan,0,0,0,1,24570
Butler,0,0,0,0,11519
Caldwell,0,0,0,0,3432
Callaway,0,0,0,0,15003
Camden,1,0,0,0,18289
Cape Girardeau,0,0,0,0,27888
Carroll,0,0,0,0,3359
Carter,0,0,0,0,1911
Cass,0,0,0,0,39799
Cedar,0,0,0,0,5149
Chariton,0,0,0,0,2813
Christian,0,0,0,0,33300
Clark,0,0,0,0,2349
Clay,0,0,0,1,87406
Clinton,0,0,0,0,7569
Cole,0,0,6,0,28532
Cooper,0,0,0,0,6128
Crawford,0,0,0,0,7603
Dade,0,0,0,0,2997
Dallas,0,0,0,0,5752
Daviess,0,0,0,0,2709
United States Senator,"Write-InGina Bufe","Write-InMartin Lindstedt","Write-InRik Combs","Write-InSteve Price",Total
De Kalb,0,0,0,0,3394
Dent,0,0,0,0,5014
Douglas,0,0,0,0,5032
Dunklin,0,0,0,0,6220
Franklin,0,0,0,0,37088
Gasconade,0,0,0,0,5712
Gentry,0,0,0,0,2325
Greene,0,0,0,0,98011
Grundy,0,0,0,0,3226
Harrison,0,0,0,0,2736
Henry,0,0,0,0,7528
Hickory,0,0,0,0,3668
Holt,0,0,0,0,1671
Howard,0,0,0,0,3872
Howell,0,0,0,0,13298
Iron,0,0,0,0,3072
Jackson,1,0,0,0,130597
Jasper,0,0,0,0,34699
Jefferson,0,0,0,1,79438
Johnson,0,0,0,0,15672
Kansas City,0,0,0,0,86004
Knox,0,0,0,0,1366
Laclede,0,0,0,0,11351
Lafayette,0,0,0,0,12030
Lawrence,0,0,0,0,12561
Lewis,0,0,0,0,3152
Lincoln,0,0,0,0,19873
Linn,0,0,0,0,4131
Livingston,0,0,0,0,4743
Macon,0,0,0,0,5588
Madison,0,0,0,0,3720
United States Senator,"Write-InGina Bufe","Write-InMartin Lindstedt","Write-InRik Combs","Write-InSteve Price",Total
Maries,0,0,0,0,3454
Marion,0,0,0,0,8693
McDonald,0,0,0,0,6091
Mercer,0,0,0,0,1264
Miller,0,0,0,0,8739
Mississippi,0,0,0,0,2896
Moniteau,0,0,0,0,5128
Monroe,0,0,0,0,3158
Montgomery,0,0,0,0,4085
Morgan,0,0,0,0,6951
New Madrid,0,0,0,0,4412
Newton,0,0,0,0,19937
Nodaway,0,0,0,0,7061
Oregon,0,0,0,0,3071
Osage,0,0,0,0,5533
Ozark,0,0,0,0,3699
Pemiscot,0,0,0,0,3217
Perry,0,0,0,0,6340
Pettis,0,0,0,0,13152
Phelps,0,0,0,0,13618
Pike,0,0,0,0,5167
Platte,0,0,0,0,41120
Polk,0,0,0,0,10563
Pulaski,0,0,0,0,9313
Putnam,0,0,0,0,1714
Ralls,0,0,0,0,3982
Randolph,0,0,0,0,7424
Ray,0,0,0,0,7939
Reynolds,0,0,0,0,2396
Ripley,0,0,0,0,3735
Saline,0,0,0,0,6278
United States Senator,"Write-InGina Bufe","Write-InMartin Lindstedt","Write-InRik Combs","Write-InSteve Price",Total
Schuyler,0,0,0,0,1530
Scotland,0,0,0,0,1360
Scott,0,0,0,0,11625
Shannon,0,0,0,0,2910
Shelby,0,0,0,0,2298
St. Charles,0,0,0,0,150979
St. Clair,0,0,0,0,3692
St. Francois,0,0,0,0,18238
St. Louis,3,0,0,0,369628
St. Louis City,0,0,0,0,84096
Ste. Genevieve,0,0,0,0,6640
Stoddard,0,0,0,5,8637
Stone,0,0,0,0,13809
Sullivan,0,0,0,0,1744
Taney,0,0,0,0,17795
Texas,0,0,0,0,8257
Vernon,0,0,0,0,6156
Warren,0,0,0,0,13172
Washington,0,0,0,0,6934
Wayne,0,0,0,1,4064
Webster,0,0,0,0,14206
Worth,0,0,0,0,863
Wright,0,0,0,0,6244
Total,5,0,6,9,2069130
Auditor,"RepublicanScott Fitzpatrick","DemocraticAlan Green","LibertarianJohn A. Hartwig Jr.","Write-InArnie C. Dienoff",Total
Adair,4611,2151,263,0,7025
Andrew,5076,1405,182,0,6663
Atchison,1513,348,38,0,1899
Audrain,5566,1655,207,0,7428
Barry,9200,1529,225,0,10954
Barton,3739,494,68,0,4301
Bates,4453,1076,171,0,5700
Benton,6005,1453,221,0,7679
Bollinger,3617,463,64,0,4144
Boone,28351,32189,2063,0,62603
Buchanan,15765,7777,770,0,24312
Butler,9513,1733,231,0,11477
Caldwell,2701,586,121,0,3408
Callaway,10789,3660,490,0,14939
Camden,13971,3725,485,0,18181
Cape Girardeau,21018,6132,625,0,27775
Carroll,2753,513,80,0,3346
Carter,1592,262,26,0,1880
Cass,26291,11787,1406,0,39484
Cedar,4198,750,145,0,5093
Chariton,2142,567,73,0,2782
Christian,25265,6911,953,0,33129
Clark,1828,428,79,0,2335
Clay,45777,37428,3397,0,86602
Clinton,5408,1861,234,0,7503
Cole,19744,7801,850,0,28395
Cooper,4526,1398,171,1,6096
Crawford,6066,1327,183,0,7576
Dade,2521,418,57,0,2996
Dallas,4642,894,162,0,5698
Daviess,2122,496,67,0,2685
Auditor,"RepublicanScott Fitzpatrick","DemocraticAlan Green","LibertarianJohn A. Hartwig Jr.","Write-InArnie C. Dienoff",Total
De Kalb,2698,556,103,0,3357
Dent,4179,653,142,0,4974
Douglas,4226,639,122,0,4987
Dunklin,4986,1086,100,0,6172
Franklin,26429,9297,1054,0,36780
Gasconade,4547,1007,124,0,5678
Gentry,1821,425,62,0,2308
Greene,59696,34975,2924,0,97595
Grundy,2632,484,88,0,3204
Harrison,2342,335,44,0,2721
Henry,5603,1621,216,0,7440
Hickory,2882,669,87,0,3638
Holt,1419,215,29,0,1663
Howard,2741,929,149,0,3819
Howell,10766,2044,370,0,13180
Iron,2345,602,89,0,3036
Jackson,68301,56328,4807,0,129436
Jasper,25962,7673,1006,0,34641
Jefferson,51777,23956,2737,0,78470
Johnson,10793,4243,590,0,15626
Kansas City,17786,65350,2301,1,85438
Knox,1058,230,46,0,1334
Laclede,9403,1653,286,0,11342
Lafayette,8729,2851,405,0,11985
Lawrence,10330,1889,305,0,12524
Lewis,2476,574,88,0,3138
Lincoln,14856,4227,680,0,19763
Linn,3063,893,127,0,4083
Livingston,3738,863,112,0,4713
Macon,4434,1022,117,0,5573
Madison,2952,672,68,0,3692
Auditor,"RepublicanScott Fitzpatrick","DemocraticAlan Green","LibertarianJohn A. Hartwig Jr.","Write-InArnie C. Dienoff",Total
Maries,2859,513,72,0,3444
Marion,6570,1886,194,0,8650
McDonald,5114,831,141,0,6086
Mercer,1072,150,37,1,1260
Miller,7142,1248,271,0,8661
Mississippi,2257,541,54,0,2852
Moniteau,4127,793,164,0,5084
Monroe,2487,566,81,0,3134
Montgomery,3210,759,89,0,4058
Morgan,5365,1270,211,0,6846
New Madrid,3375,917,74,0,4366
Newton,15917,3569,435,0,19921
Nodaway,5032,1807,165,0,7004
Oregon,2500,496,55,0,3051
Osage,4776,636,96,0,5508
Ozark,3087,496,92,0,3675
Pemiscot,2490,678,31,0,3199
Perry,5214,984,97,0,6295
Pettis,9757,2812,469,0,13038
Phelps,9627,3509,426,0,13562
Pike,3939,1068,134,0,5141
Platte,21843,17909,1172,0,40924
Polk,8382,1835,318,0,10535
Pulaski,7054,1845,385,0,9284
Putnam,1410,217,73,0,1700
Ralls,3076,780,110,0,3966
Randolph,5579,1573,237,0,7389
Ray,5490,1999,332,0,7821
Reynolds,1885,420,41,0,2346
Ripley,3077,561,74,0,3712
Saline,4297,1661,285,0,6243
Auditor,"RepublicanScott Fitzpatrick","DemocraticAlan Green","LibertarianJohn A. Hartwig Jr.","Write-InArnie C. Dienoff",Total
Schuyler,1215,238,57,0,1510
Scotland,1105,222,32,0,1359
Scott,9392,2006,178,0,11576
Shannon,2318,513,50,0,2881
Shelby,1809,405,71,0,2285
St. Charles,90102,54456,4691,3,149252
St. Clair,2877,693,115,0,3685
St. Francois,13195,4368,528,0,18091
St. Louis,152902,202506,10680,1,366089
St. Louis City,14662,66095,2439,0,83196
Ste. Genevieve,4490,1823,177,0,6490
Stoddard,7436,1056,129,0,8621
Stone,11255,2220,274,0,13749
Sullivan,1402,299,32,0,1733
Taney,14224,3091,395,0,17710
Texas,6879,1128,202,0,8209
Vernon,4826,1151,131,0,6108
Warren,9553,3132,404,0,13089
Washington,5446,1198,192,0,6836
Wayne,3439,560,52,0,4051
Webster,11235,2493,415,0,14143
Worth,673,160,26,0,859
Wright,5375,685,159,0,6219
Total,1219553,772005,61329,7,2052894
U.S. Representative,Republican,Democratic,Libertarian,,
District 1,Andrew Jones,Cori Bush,George A. Zsidisin,Total,
St. Louis,36594,97259,3778,,137631
St. Louis City,17173,63740,2414,,83327
Total,53767,160999,6192,,220958
U.S. Representative,Republican,Democratic,Libertarian,,
District 2,Ann Wagner,Trish Gunby,Bill Slantz,Total,
Franklin,26096,9662,1042,,36800
St. Charles,24506,13754,903,,39163
St. Louis,116016,110249,4292,,230557
Warren,6659,2230,257,,9146
Total,173277,135895,6494,,315666
"U.S. RepresentativeDistrict 3","RepublicanBlaine Luetkemeyer","DemocraticBethany Mann","Write-InThomas Clapp",Total
Boone,16795,20426,0,37221
Callaway,10940,4022,0,14962
Camden,3748,1145,0,4893
Cole,20116,8302,0,28418
Cooper,4628,1487,0,6115
Crawford,6167,1412,0,7579
Gasconade,4674,1024,0,5698
Jefferson,16531,8172,0,24703
Maries,2881,558,0,3439
Miller,7391,1318,0,8709
Moniteau,4264,850,0,5114
Montgomery,3268,794,0,4062
Osage,4832,684,0,5516
St. Charles,66117,44243,0,110360
Warren,2978,1019,0,3997
Washington,5416,1395,0,6811
Total,180746,96851,0,277597
"U.S. RepresentativeDistrict 4","RepublicanMark Alford","DemocraticJack Truman","LibertarianRandy Langkraehr","Write-InDarrell McClanahan","Write-InDavid A. Haave","Write-InWyatt Parsons",Total
Barton,3699,531,66,0,0,0,4296
Bates,4651,988,119,0,0,0,5758
Benton,6022,1514,147,0,0,0,7683
Boone,11690,12938,766,0,0,0,25394
Camden,10309,2675,271,0,0,0,13255
Cass,26975,11764,951,0,0,0,39690
Cedar,4211,776,102,0,0,0,5089
Dade,2509,433,53,0,0,0,2995
Dallas,4669,917,133,0,0,0,5719
Henry,5643,1587,204,0,0,0,7434
Hickory,2907,665,68,0,0,0,3640
Howard,2651,1011,129,0,0,0,3791
Jackson,17012,9496,610,0,1,0,27119
Johnson,10849,4229,525,0,0,1,15604
Laclede,9453,1664,216,0,0,0,11333
Lafayette,8982,2785,262,0,0,0,12029
Morgan,5376,1311,173,0,0,0,6860
Pettis,9794,2935,342,0,0,0,13071
Polk,8400,1889,254,0,0,0,10543
Pulaski,7104,1643,213,0,0,0,8960
Saline,4374,1722,140,0,0,0,6236
St. Clair,2920,665,92,0,0,0,3677
Vernon,4789,1205,112,1,0,0,6107
Webster,6901,1726,169,0,0,0,8796
Total,181890,67069,6117,1,1,1,255079
"U.S. RepresentativeDistrict 5","RepublicanJacob Turk","DemocraticEmanuel Cleaver, II","LibertarianRobin Dominick",Total
Clay,20362,24155,1310,45827
Jackson,47037,48907,2803,98747
Kansas City,16609,67626,1746,85981
Total,84008,140688,5859,230555
"U.S. RepresentativeDistrict 6","RepublicanSam Graves","DemocraticHenry Martin","LibertarianEdward A (Andy) Maidment",Total
Adair,4768,2171,142,7081
Andrew,5182,1405,148,6735
Atchison,1583,302,43,1928
Audrain,5569,1671,164,7404
Buchanan,15955,7946,654,24555
Caldwell,2801,542,79,3422
Carroll,2851,467,54,3372
Chariton,2243,525,45,2813
Clark,1906,392,50,2348
Clay,25535,14887,949,41371
Clinton,5537,1829,188,7554
Daviess,2182,473,57,2712
De Kalb,2744,532,99,3375
Gentry,1852,427,44,2323
Grundy,2711,454,65,3230
Harrison,2368,319,46,2733
Holt,1423,204,44,1671
Jackson,3113,1150,119,4382
Knox,1164,183,16,1363
Lewis,2591,535,57,3183
Lincoln,14681,4469,551,19701
Linn,3241,795,95,4131
Livingston,3892,803,76,4771
Macon,4531,977,81,5589
Marion,6790,1781,131,8702
Mercer,1097,152,17,1266
Monroe,2581,517,56,3154
Nodaway,5204,1737,132,7073
Pike,4020,1075,60,5155
Platte,22310,17827,870,41007
Putnam,1478,214,24,1716
"U.S. RepresentativeDistrict 6","RepublicanSam Graves","DemocraticHenry Martin","LibertarianEdward A (Andy) Maidment",Total
Ralls,3167,761,54,3982
Randolph,5632,1592,160,7384
Ray,5723,1919,241,7883
Schuyler,1272,232,35,1539
Scotland,1123,218,28,1369
Shelby,1882,373,48,2303
Sullivan,1467,249,29,1745
Worth,696,148,23,867
Total,184865,72253,5774,262892
"U.S. RepresentativeDistrict 7","RepublicanEric Burlison","DemocraticKristen Radaker-Sheafer","LibertarianKevin Craig","Write-InRoger A. Rekate",Total
Barry,8813,1792,321,0,10926
Christian,25059,7363,805,1,33228
Greene,58363,36863,2517,0,97743
Jasper,25657,8253,770,0,34680
Lawrence,10252,2036,240,0,12528
McDonald,5081,871,140,0,6092
Newton,15803,3771,352,0,19926
Stone,11132,2362,251,0,13745
Taney,14160,3247,307,0,17714
Webster,4272,927,166,0,5365
Total,178592,67485,5869,1,251947
"U.S. RepresentativeDistrict 8","RepublicanJason Smith","DemocraticRandi McCallian","LibertarianJim Higgins",Total
Bollinger,3644,469,53,4166
Butler,9535,1764,203,11502
Cape Girardeau,20776,6409,599,27784
Carter,1613,266,25,1904
Dent,4191,714,117,5022
Douglas,4269,645,98,5012
Dunklin,5044,1075,97,6216
Howell,10867,2077,321,13265
Iron,2350,633,69,3052
Jefferson,34506,17826,1543,53875
Madison,2972,688,62,3722
Mississippi,2301,539,42,2882
New Madrid,3440,903,56,4399
Oregon,2528,505,50,3083
Ozark,3121,492,76,3689
Pemiscot,2526,665,27,3218
Perry,5213,1023,89,6325
Phelps,9690,3576,337,13603
Reynolds,1934,436,38,2408
Ripley,3139,561,58,3758
Scott,9348,2099,163,11610
Shannon,2355,515,41,2911
St. Francois,13262,4481,442,18185
Ste. Genevieve,4561,1883,119,6563
Stoddard,7499,1061,109,8669
Texas,6945,1152,163,8260
Wayne,3425,576,64,4065
Wright,5418,705,124,6247
Total,186472,53738,5185,245395
"State SenatorDistrict 2","RepublicanNick Schroer","DemocraticMichael Sinclair",Total
St. Charles,42568,24998,67566
Total,42568,24998,67566
"State SenatorDistrict 4","RepublicanMary Theresa McLean","DemocraticKarla May",Total
St. Louis,7735,17501,25236
St. Louis City,10171,33918,44089
Total,17906,51419,69325
"State SenatorDistrict 6","RepublicanMike Bernskoetter",Total
Camden,15127,15127
Cole,23302,23302
Miller,7573,7573
Moniteau,4501,4501
Morgan,5921,5921
Total,56424,56424
"State SenatorDistrict 8","RepublicanMike Cierpiot","DemocraticAntoine D. Jennings",Total
Jackson,38018,30100,68118
Kansas City,0,0,0
Total,38018,30100,68118
"State SenatorDistrict 10","RepublicanTravis Fitzwater","LibertarianCatherine Dreher",Total
Callaway,11191,3326,14517
Lincoln,15140,3838,18978
Montgomery,3298,614,3912
Pike,4120,794,4914
St. Charles,10420,4156,14576
Total,44169,12728,56897
"State SenatorDistrict 12","RepublicanRusty Black","DemocraticMichael J. Baumli",Total
Andrew,5265,1444,6709
Atchison,1591,329,1920
Buchanan,1839,501,2340
Caldwell,2872,539,3411
Carroll,2841,495,3336
Chariton,2266,523,2789
Clinton,5537,1930,7467
Daviess,2226,472,2698
De Kalb,2772,561,3333
Gentry,1907,416,2323
Grundy,2767,438,3205
Harrison,2388,339,2727
Holt,1469,201,1670
Linn,3309,823,4132
Livingston,4006,730,4736
Mercer,1098,161,1259
Nodaway,5151,1915,7066
Sullivan,1471,270,1741
Worth,695,167,862
Total,51470,12254,63724
State Senator,Democratic,,Write-In,,,
District 14,Brian Williams,,John Winkler,,Total,
St. Louis,,41832,,24,,41856
Total,,41832,,24,,41856
State Senator,Republican,Democratic,,,
District 16,Justin Dan Brown,Tara Anura,,Total,
Dent,4246,,701,,4947
Laclede,9524,,1745,,11269
Maries,2858,,567,,3425
Phelps,9801,,3637,,13438
Pulaski,7205,,1979,,9184
Wright,5453,,734,,6187
Total,39087,,9363,,48450
State Senator,Republican,,Democratic,,
District 18,Cindy Olaughlin,,Ayanna Shivers,Total,
Adair,4637,,2388,,7025
Audrain,5160,,2275,,7435
Clark,1884,,439,,2323
Knox,1099,,249,,1348
Lewis,2477,,649,,3126
Macon,4345,,1204,,5549
Marion,6544,,2064,,8608
Monroe,2517,,632,,3149
Putnam,1433,,253,,1686
Ralls,3084,,866,,3950
Randolph,5690,,1696,,7386
Schuyler,1241,,269,,1510
Scotland,1050,,287,,1337
Shelby,1828,,468,,2296
Total,42989,,13739,,56728
State Senator,Republican,,,
District 20,Curtis Trent,,Total,
Barton,,3840,,3840
Dade,,2578,,2578
Greene,,35961,,35961
Webster,,12125,,12125
Total,,54504,,54504
State Senator,Republican,Democratic,,
District 22,Mary Elizabeth Coleman,Benjamin Hagin,Total,
Jefferson,40695,21456,,62151
Total,40695,21456,,62151
State Senator,Republican,Democratic,Libertarian,
District 24,George J Hruza,Tracy McCreery,LaDonna Higgins,Total
St. Louis,36164,43081,1481,80726
Total,36164,43081,1481,80726
State Senator,Republican,,Democratic,,
District 26,Ben Brown,,John Kiehne,Total,
Franklin,,26415,10129,,36544
Gasconade,,4553,1115,,5668
Osage,,4748,729,,5477
St. Louis,,3101,1763,,4864
Warren,,9652,3379,,13031
Total,,48469,17115,,65584
State Senator,Republican,,,
District 28,Sandy Crawford,,Total,
Benton,6683,,,6683
Cedar,4528,,,4528
Dallas,5144,,,5144
Henry,6240,,,6240
Hickory,3218,,,3218
Pettis,11192,,,11192
Polk,9419,,,9419
St. Clair,3219,,,3219
Vernon,5419,,,5419
Total,55062,,,55062
State Senator,Republican,,Democratic,,
District 30,Lincoln Hough,,Raymond Lampert,Total,
Greene,,30483,22464,,52947
Total,,30483,22464,,52947
State Senator,Republican,,,
District 32,Jill Carter,,Total,
Jasper,,29378,,29378
Newton,,17385,,17385
Total,,46763,,46763
State Senator,Republican,Democratic,,
District 34,Tony Luetkemeyer,Sarah Shorter,Total,
Buchanan,14733,7411,,22144
Platte,22503,18356,,40859
Total,37236,25767,,63003
"State RepresentativeDistrict 1","RepublicanJeff Farnan","DemocraticJess Piper",Total
Atchison,1475,440,1915
Gentry,1800,536,2336
Holt,1398,267,1665
Nodaway,5089,1982,7071
Total,9762,3225,12987
"State RepresentativeDistrict 2","RepublicanMazzie Boyd","DemocraticLois Pontius",Total
Caldwell,2693,657,3350
Daviess,2154,528,2682
Grundy,2709,499,3208
Harrison,2352,372,2724
Worth,698,163,861
Total,10606,2219,12825
"State RepresentativeDistrict 3","RepublicanDanny Busick",Total
Adair,5202,5202
Mercer,1172,1172
Putnam,1571,1571
Sullivan,1584,1584
Total,9529,9529
"State RepresentativeDistrict 4","RepublicanGreg Sharpe",Total
Adair,441,441
Clark,2053,2053
Knox,1134,1134
Lewis,2807,2807
Monroe,156,156
Schuyler,1272,1272
Scotland,1158,1158
Shelby,1909,1909
Total,10930,10930
"State RepresentativeDistrict 5","RepublicanLouis Riggs",Total
Marion,7418,7418
Ralls,3447,3447
Total,10865,10865
"State RepresentativeDistrict 6","RepublicanEd Lewis",Total
Macon,4979,4979
Randolph,5518,5518
Total,10497,10497
State Representative,Republican,,Democratic,,,
District 7,Peggy McGaugh,,Joshua Vance,,Total,
Carroll,,2883,,439,,3322
Linn,,3111,,939,,4050
Livingston,,3741,,935,,4676
Ray,,1127,,274,,1401
Total,,10862,,2587,,13449
State Representative,Republican,,Democratic,,,
District 8,Josh Hurlbert,,Alyssa Dial,,Total,
Clay,,6873,,3438,,10311
Clinton,,3331,,1370,,4701
Total,,10204,,4808,,15012
State Representative,Republican,,,
District 9,Dean VanSchoiack,,Total,
Andrew,,5648,,5648
Clinton,,2265,,2265
De Kalb,,2890,,2890
Total,,10803,,10803
State Representative,Republican,,,
District 10,Bill Falkner,,Total,
Buchanan,,7271,,7271
Total,,7271,,7271
State Representative,Republican,,,
District 11,Brenda Shields,,Total,
Buchanan,,9944,,9944
Total,,9944,,9944
State Representative,Republican,,Democratic,,,
District 12,Tom Hutsler,,Jamie Johnson,,Total,
Platte,,6785,,7399,,14184
Total,,6785,,7399,,14184
State Representative,Republican,,,
District 13,Sean Pouche,,Total,
Buchanan,,3082,,3082
Platte,,9323,,9323
Total,,12405,,12405
State Representative,Republican,,Democratic,,,
District 14,Eric Holmes,,Ashley Aune,,Total,
Platte,,6907,,7859,,14766
Total,,6907,,7859,,14766
State Representative,Republican,,Democratic,,Independent,,
District 15,Adam Richardson,,Maggie Nurrenbern,,Steve West,,Total
Clay,,5535,,6920,,518,12973
Total,,5535,,6920,,518,12973
"State RepresentativeDistrict 16","RepublicanChris Brown","DemocraticFantasia Rene Bernauer",Total
Clay,7663,5498,13161
Total,7663,5498,13161
"State RepresentativeDistrict 17","RepublicanBill Allen","DemocraticMark Ellebracht",Total
Clay,5785,5736,11521
Total,5785,5736,11521
"State RepresentativeDistrict 18","DemocraticEric Woods",Total
Clay,8049,8049
Total,8049,8049
"State RepresentativeDistrict 19","RepublicanKaren I. Spalding","DemocraticIngrid Burnett",Total
Jackson,39,26,65
Kansas City,1094,4073,5167
Total,1133,4099,5232
"State RepresentativeDistrict 20","RepublicanAaron McMullen","DemocraticMike Englert",Total
Jackson,6402,4604,11006
Total,6402,4604,11006
State Representative,Republican,,Democratic,,,
District 21,Dakota Worrell,,Robert Sauls,,Total,
Jackson,,3691,,4033,,7724
Total,,3691,,4033,,7724
State Representative,Democratic,,,
District 22,Yolanda Young,,Total,
Jackson,,2169,,2169
Kansas City,,4570,,4570
Total,,6739,,6739
State Representative,Democratic,,,
District 23,Michael L. Johnson,,Total,
Kansas City,,4555,,4555
Total,,4555,,4555
State Representative,Democratic,,,
District 24,Emily Weber,,Total,
Kansas City,,11098,,11098
Total,,11098,,11098
State Representative,Democratic,,,
District 25,Patty Lewis,,Total,
Kansas City,,15286,,15286
Total,,15286,,15286
State Representative,Democratic,,,
District 26,Ashley Bland Manlove,,Total,
Kansas City,,8057,,8057
Total,,8057,,8057
State Representative,Democratic,,,
District 27,Richard Brown,,Total,
Kansas City,,8207,,8207
Total,,8207,,8207
State Representative,Republican,,Democratic,,,
District 28,Jennell Houts,,Jerome Barnes,,Total,
Jackson,,3102,,5573,,8675
Kansas City,,575,,1344,,1919
Total,,3677,,6917,,10594
State Representative,Republican,,Democratic,,,
District 29,David Martin,,Aaron Crossley,,Total,
Jackson,,5864,,6378,,12242
Total,,5864,,6378,,12242
State Representative,Republican,,Democratic,,,
District 30,Jon Patterson,,Sonia M Nizami,,Total,
Jackson,,8599,,7242,,15841
Total,,8599,,7242,,15841
"State RepresentativeDistrict 31","RepublicanDan Stacy","DemocraticRobert McCourt",Total
Jackson,7585,5776,13361
Total,7585,5776,13361
"State RepresentativeDistrict 32","RepublicanJeff Coleman","DemocraticJanice Brill",Total
Jackson,9045,3991,13036
Total,9045,3991,13036
"State RepresentativeDistrict 33","RepublicanChris Sander",Total
Jackson,10449,10449
Total,10449,10449
"State RepresentativeDistrict 34","RepublicanJ.C. Crossley","DemocraticKemp Strickler",Total
Jackson,6600,6645,13245
Total,6600,6645,13245
"State RepresentativeDistrict 35","RepublicanJohn Burrows","DemocraticKeri Ingle",Total
Jackson,4790,5512,10302
Kansas City,1852,3357,5209
Total,6642,8869,15511
State Representative,Republican,,Democratic,,,
District 36,Kurt Lauvstad,,Anthony Ealy,,Total,
Jackson,,2057,,3963,,6020
Kansas City,,2003,,2585,,4588
Total,,4060,,6548,,10608
State Representative,Democratic,,,
District 37,Mark A. Sharp,,Total,
Kansas City,,8055,,8055
Total,,8055,,8055
State Representative,Republican,,,
District 38,Chris Lonsdale,,Total,
Clay,,10111,,10111
Total,,10111,,10111
State Representative,Republican,,,
District 39,Doug Richey,,Total,
Clay,,11120,,11120
Total,,11120,,11120
State Representative,Republican,,,
District 40,Chad Perkins,,Total,
Lincoln,,6298,,6298
Pike,,4284,,4284
Total,,10582,,10582
State Representative,Republican,,Democratic,,Libertarian,,
District 41,Doyle Justus,,David D Norman,,Becky Martin,,Total
Lincoln,,9065,,2721,,665,12451
Total,,9065,,2721,,665,12451
State Representative,Republican,,,
District 42,Jeff Myers,,Total,
Montgomery,,1048,,1048
Warren,,10992,,10992
Total,,12040,,12040
State Representative,Republican,,,
District 43,Kent Haden,,Total,
Audrain,,6332,,6332
Callaway,,1776,,1776
Monroe,,2507,,2507
Total,,10615,,10615
State Representative,Republican,,Democratic,,,
District 44,Cheri Toalson Reisch,,Dave Raithel,,Total,
Boone,,9021,,5393,,14414
Total,,9021,,5393,,14414
State Representative,Democratic,,,
District 45,Kathy Steinhoff,,Total,
Boone,,6373,,6373
Total,,6373,,6373
State Representative,Democratic,,,
District 46,David Tyson Smith,,Total,
Boone,,7549,,7549
Total,,7549,,7549
State Representative,Republican,,Democratic,,,
District 47,John Martin,,Adrian Plank,,Total,
Boone,,8009,,8763,,16772
Total,,8009,,8763,,16772
State Representative,Republican,,,
District 48,Tim Taylor,,Total,
Chariton,,2346,,2346
Cooper,,5277,,5277
Howard,,3198,,3198
Randolph,,938,,938
Total,,11759,,11759
State Representative,Republican,,Democratic,,,
District 49,Jim Schulte,,Jessica Slisz,,Total,
Callaway,,9273,,3672,,12945
Total,,9273,,3672,,12945
State Representative,Republican,,Democratic,,,
District 50,James Musgraves,,Douglas Mann,,Total,
Boone,,5956,,7335,,13291
Total,,5956,,7335,,13291
State Representative,Republican,,Constitution,,,
District 51,Kurtis Gregory,,Jenn E. DePee,,Total,
Lafayette,,4594,,844,,5438
Saline,,4870,,1046,,5916
Total,,9464,,1890,,11354
State Representative,Republican,,Democratic,,,
District 52,Bradley Pollitt,,Rene Vance,,Total,
Pettis,,7831,,2592,,10423
Total,,7831,,2592,,10423
State Representative,Republican,,,
District 53,Terry Thompson,,Total,
Lafayette,,5554,,5554
Ray,,5380,,5380
Total,,10934,,10934
State Representative,Republican,,,
District 54,Dan Houx,,Total,
Johnson,,9475,,9475
Total,,9475,,9475
State Representative,Republican,,,
District 55,Mike Haffner,,Total,
Cass,,12095,,12095
Total,,12095,,12095
"State RepresentativeDistrict 56","RepublicanMichael Davis","DemocraticPatty Johnson",Total
Cass,6774,5054,11828
Total,6774,5054,11828
"State RepresentativeDistrict 57","RepublicanRodger L. Reedy","LibertarianWilliam Truman (Bill) Wayne",Total
Benton,5285,886,6171
Johnson,3236,869,4105
Pettis,2202,348,2550
Total,10723,2103,12826
"State RepresentativeDistrict 58","RepublicanWillard Haley",Total
Cooper,64,64
Moniteau,4501,4501
Morgan,5960,5960
Total,10525,10525
"State RepresentativeDistrict 59","RepublicanRudy Veit",Total
Cole,13613,13613
Total,13613,13613
"State RepresentativeDistrict 60","RepublicanDave Griffith","DemocraticJ. Don Salcedo",Total
Cole,7577,4605,12182
Total,7577,4605,12182
State Representative,Republican,,,
District 61,Bruce Sassmann,,Total,
Gasconade,,4887,,4887
Miller,,508,,508
Montgomery,,2459,,2459
Osage,,5020,,5020
Total,,12874,,12874
State Representative,Republican,,Democratic,,,
District 62,Sherri Gallick,,Jim Hogan,,Total,
Bates,,1724,,604,,2328
Cass,,9316,,3457,,12773
Total,,11040,,4061,,15101
State Representative,Republican,,Democratic,,,
District 63,Tricia K. Byrnes,,Jenna Roberson,,Total,
St. Charles,,7616,,3887,,11503
Total,,7616,,3887,,11503
State Representative,Republican,,,
District 64,Tony Lovasco,,Total,
St. Charles,,10252,,10252
Total,,10252,,10252
State Representative,Republican,,Democratic,,,
District 65,Wendy Hausman,,Eric Nowicki,,Total,
St. Charles,,8281,,5442,,13723
Total,,8281,,5442,,13723
State Representative,Democratic,,,
District 66,Marlene Terry,,Total,
St. Louis,,6033,,6033
Total,,6033,,6033
State Representative,Democratic,,
District 67,Chantelle N. Nickson-Clark,Total,
St. Louis,11514,,11514
Total,11514,,11514
State Representative,Democratic,,,
District 68,Jay Mosley,,Total,
St. Louis,,8128,,8128
Total,,8128,,8128
State Representative,Republican,,Democratic,,,
District 69,Adam Schnelting,,Jessica DeVoto,,Total,
St. Charles,,9376,,6325,,15701
Total,,9376,,6325,,15701
State Representative,Democratic,,Libertarian,,,
District 70,Gretchen Bangert,,Dustin Coffell,,Total,
St. Louis,,7225,,2484,,9709
Total,,7225,,2484,,9709
State Representative,Republican,,Democratic,,
District 71,Karan Pujji,,LaDonna Appelbaum,Total,
St. Louis,,5736,10199,,15935
Total,,5736,10199,,15935
State Representative,Democratic,,,
District 72,Doug Clemens,,Total,
St. Louis,,7114,,7114
Total,,7114,,7114
State Representative,Democratic,,,
District 73,Raychel Proudie,,Total,
St. Louis,,6741,,6741
Total,,6741,,6741
State Representative,Democratic,,,
District 74,Kevin Windham Jr.,,Total,
St. Louis,,7451,,7451
Total,,7451,,7451
State Representative,Democratic,,,
District 75,Alan Gray,,Total,
St. Louis,,8295,,8295
Total,,8295,,8295
State Representative,Democratic,,,
District 76,Marlon Anderson,,Total,
St. Louis City,,8049,,8049
Total,,8049,,8049
State Representative,Democratic,,,
District 77,Kimberly-Ann Collins,,Total,
St. Louis City,,9218,,9218
Total,,9218,,9218
State Representative,Democratic,,,
District 78,Rasheen Aldridge Jr.,,Total,
St. Louis City,,6869,,6869
Total,,6869,,6869
State Representative,Democratic,,,
District 79,LaKeySha Bosley,,Total,
St. Louis City,,7844,,7844
Total,,7844,,7844
State Representative,Republican,,Democratic,,Libertarian,
District 80,Kirk Hilzinger,,Peter J. Merideth,,Rebecca Sharpe Lombard,Total
St. Louis City,,1525,,8859,329,10713
Total,,1525,,8859,329,10713
State Representative,Republican,,Democratic,,,
District 81,Jake Koehr,,Steve Butz,,Total,
St. Louis City,,2183,,7592,,9775
Total,,2183,,7592,,9775
State Representative,Republican,,Democratic,,
District 82,Robert J. Crump,,Donna M.C. Baringer,Total,
St. Louis City,,4326,12964,,17290
Total,,4326,12964,,17290
State Representative,Democratic,,Libertarian,,,
District 83,Sarah Unsicker,,Andrew Bolin,,Total,
St. Louis,,11078,,3518,,14596
Total,,11078,,3518,,14596
State Representative,Democratic,,,
District 84,Del Taylor,,Total,
St. Louis City,,8991,,8991
Total,,8991,,8991
State Representative,Democratic,,
District 85,Yolonda Fountain Henderson,Total,
St. Louis,7026,,7026
Total,7026,,7026
State Representative,Democratic,,,
District 86,Joe Adams,,Total,
St. Louis,,11582,,11582
Total,,11582,,11582
State Representative,Democratic,,,
District 87,Paula Brown,,Total,
St. Louis,,8707,,8707
Total,,8707,,8707
State Representative,Republican,,Democratic,,,
District 88,Holly Jones,,Kyle Luzynski,,Total,
St. Louis,,9723,,6154,,15877
Total,,9723,,6154,,15877
State Representative,Republican,,Democratic,,,
District 89,Dean Plocher,,Luke Barber,,Total,
St. Louis,,10559,,7002,,17561
Total,,10559,,7002,,17561
State Representative,Republican,Democratic,,,
District 90,"Gary Albert Bokermann, Jr.",Barbara Phifer,,Total,
St. Louis,6795,,11355,,18150
Total,6795,,11355,,18150
State Representative,Democratic,,,
District 91,Jo Doll,,Total,
St. Louis,,13239,,13239
Total,,13239,,13239
State Representative,Republican,,Democratic,,,
District 92,Bob Mahacek,,Michael Burton,,Total,
St. Louis,,6903,,7235,,14138
Total,,6903,,7235,,14138
State Representative,Republican,,Democratic,,,
District 93,Kenneth Abram,,Bridget Walsh Moore,,Total,
St. Louis,,4253,,5129,,9382
Total,,4253,,5129,,9382
State Representative,Republican,,Democratic,,,
District 94,Jim Murphy,,Kyle W. Kerns,,Total,
St. Louis,,7892,,5926,,13818
Total,,7892,,5926,,13818
State Representative,Republican,,Democratic,,,
District 95,Michael A O'Donnell,,Ann Zimpfer,,Total,
St. Louis,,9809,,6914,,16723
Total,,9809,,6914,,16723
"State RepresentativeDistrict 96","RepublicanBrad Christ","DemocraticLeslie Derrington",Total
St. Louis,9596,8026,17622
Total,9596,8026,17622
"State RepresentativeDistrict 97","RepublicanDavid Casteel",Total
Jefferson,9313,9313
Total,9313,9313
"State RepresentativeDistrict 98","RepublicanRyan Higgins","DemocraticDeb Lavender",Total
St. Louis,7733,8213,15946
Total,7733,8213,15946
"State RepresentativeDistrict 99","RepublicanLavanna Wrobley","DemocraticIan Mackey",Total
St. Louis,5154,9768,14922
Total,5154,9768,14922
"State RepresentativeDistrict 100","RepublicanPhilip Oehlerking","DemocraticColin Lovett",Total
St. Louis,8315,8134,16449
Total,8315,8134,16449
"State RepresentativeDistrict 101","RepublicanBen Keathley","DemocraticMelissa Greenstein","LibertarianJeff Coleman",Total
St. Louis,9322,8184,204,17710
Total,9322,8184,204,17710
"State RepresentativeDistrict 102","RepublicanRichard W West",Total
St. Charles,12034,12034
Total,12034,12034
"State RepresentativeDistrict 103","RepublicanDave Hinman",Total
St. Charles,9056,9056
Total,9056,9056
"State RepresentativeDistrict 104","RepublicanPhil Christofanelli","DemocraticGregory A Upchurch",Total
St. Charles,7978,6353,14331
Total,7978,6353,14331
"State RepresentativeDistrict 105","RepublicanAdam Schwadron","DemocraticCindy Berne","LibertarianMichael Carver",Total
St. Charles,5404,5305,242,10951
Total,5404,5305,242,10951
"State RepresentativeDistrict 106","RepublicanTravis Wilson","DemocraticRon Odenthal",Total
St. Charles,7621,6359,13980
Total,7621,6359,13980
"State RepresentativeDistrict 107","RepublicanMark A Matthiesen","DemocraticTracy Grundy",Total
St. Charles,8151,5447,13598
Total,8151,5447,13598
"State RepresentativeDistrict 108","RepublicanJustin Hicks","DemocraticSusan Shumway",Total
St. Charles,8895,5028,13923
Total,8895,5028,13923
"State RepresentativeDistrict 109","RepublicanKyle Marquart",Total
Franklin,12967,12967
Total,12967,12967
"State RepresentativeDistrict 110","RepublicanJustin Sparks","DemocraticJosh Thackston",Total
St. Louis,11302,6303,17605
Total,11302,6303,17605
State Representative,Republican,,,
District 111,Gary Bonacker,,Total,
Jefferson,,11065,,11065
Total,,11065,,11065
State Representative,Republican,,,
District 112,Renee Reuter,,Total,
Jefferson,,10629,,10629
Total,,10629,,10629
State Representative,Republican,,,
District 113,Phil Amato,,Total,
Jefferson,,10168,,10168
Total,,10168,,10168
State Representative,Republican,,Democratic,,,
District 114,Ken Waller,,Jessie Shepherd,,Total,
Jefferson,,8545,,4136,,12681
Total,,8545,,4136,,12681
State Representative,Republican,Democratic,,,
District 115,Cyndi Buchheit-Courtway,Barbara Marco,,Total,
Jefferson,9587,,3701,,13288
Total,9587,,3701,,13288
State Representative,Republican,,,
District 116,Dale Wright,,Total,
Madison,,2623,,2623
St. Francois,,6333,,6333
Total,,8956,,8956
State Representative,Republican,,,
District 117,Mike Henderson,,Total,
St. Francois,,8722,,8722
Total,,8722,,8722
State Representative,Republican,,Democratic,,,
District 118,Mike McGirl,,Sally Brooks,,Total,
Franklin,,7110,,2368,,9478
Washington,,2310,,666,,2976
Total,,9420,,3034,,12454
State Representative,Republican,,,
District 119,Brad Banderman,,Total,
Franklin,,9132,,9132
Total,,9132,,9132
State Representative,Republican,,,
District 120,Ron Copeland,,Total,
Crawford,,6662,,6662
Dent,,4366,,4366
Total,,11028,,11028
State Representative,Republican,,,
District 121,Bill Hardwick,,Total,
Pulaski,,3671,,3671
Texas,,0,,0
Total,,3671,,3671
State Representative,Republican,,Democratic,,,
District 122,Tara J. Peters,,Lisa McCarthy,,Total,
Phelps,,7755,,3474,,11229
Total,,7755,,3474,,11229
State Representative,Republican,,,
District 123,Lisa Thomas,,Total,
Camden,,13903,,13903
Total,,13903,,13903
State Representative,Republican,,,
District 124,Don Mayhew,,Total,
Miller,,6968,,6968
Pulaski,,4412,,4412
Total,,11380,,11380
State Representative,Republican,,Libertarian,,,
District 125,Dane Diehl,,Robert E. Smith,,Total,
Bates,,2931,,424,,3355
Cedar,,2638,,353,,2991
Vernon,,5040,,933,,5973
Total,,10609,,1710,,12319
State Representative,Republican,,,
District 126,Jim Kalberloh,,Total,
Benton,,1098,,1098
Henry,,6329,,6329
Hickory,,922,,922
St. Clair,,3256,,3256
Total,,11605,,11605
State Representative,Republican,,Democratic,,,
District 127,Ann Kelley,,Marvin Manring,,Total,
Barton,,3824,,481,,4305
Cedar,,1448,,599,,2047
Dade,,2583,,400,,2983
Jasper,,3698,,544,,4242
Total,,11553,,2024,,13577
State Representative,Republican,,Democratic,,,
District 128,Mike Stephens,,Rich Horton,,Total,
Hickory,,2068,,508,,2576
Polk,,8677,,1794,,10471
Total,,10745,,2302,,13047
State Representative,Republican,,,
District 129,John F. Black,,Total,
Webster,,12106,,12106
Total,,12106,,12106
State Representative,Republican,,,
District 130,Bishop Davidson,,Total,
Greene,,9434,,9434
Total,,9434,,9434
State Representative,Republican,,,
District 131,Bill Owen,,Total,
Greene,,12492,,12492
Total,,12492,,12492
State Representative,Republican,,Democratic,,,
District 132,Stephanos Freeman,,Crystal Quade,,Total,
Greene,,3075,,3968,,7043
Total,,3075,,3968,,7043
State Representative,Republican,,Democratic,,,
District 133,Melanie Stinnett,,Amy Blansit,,Total,
Greene,,4468,,4061,,8529
Total,,4468,,4061,,8529
State Representative,Republican,,Democratic,,,
District 134,Alex Riley,,Samantha Deaton,,Total,
Greene,,8876,,5206,,14082
Total,,8876,,5206,,14082
State Representative,Republican,,Democratic,,,
District 135,AJ Exner,,Betsy Fogle,,Total,
Greene,,4720,,6071,,10791
Total,,4720,,6071,,10791
State Representative,Republican,,Democratic,,,
District 136,Craig Fishel,,Stephanie Hein,,Total,
Greene,,6714,,6917,,13631
Total,,6714,,6917,,13631
State Representative,Republican,,,
District 137,Darin Chappell,,Total,
Greene,,13708,,13708
Total,,13708,,13708
State Representative,Republican,,,
District 138,Brad Hudson,,Total,
Christian,,4002,,4002
Stone,,10343,,10343
Total,,14345,,14345
State Representative,Republican,,,
District 139,Bob Titus,,Total,
Christian,,12011,,12011
Total,,12011,,12011
"State RepresentativeDistrict 140","RepublicanJamie Ray Gragg","DemocraticAmy Freeland",Total
Christian,10605,3115,13720
Total,10605,3115,13720
"State RepresentativeDistrict 141","RepublicanHannah Kelly",Total
Douglas,1043,1043
Laclede,6169,6169
Webster,50,50
Wright,5593,5593
Total,12855,12855
"State RepresentativeDistrict 142","RepublicanJeff Knight",Total
Camden,1339,1339
Dallas,5098,5098
Laclede,4270,4270
Total,10707,10707
"State RepresentativeDistrict 143","RepublicanBennie Cook","DemocraticBernadette Holzer",Total
Maries,2897,539,3436
Phelps,1834,472,2306
Texas,7135,1079,8214
Total,11866,2090,13956
State Representative,Republican,,,
District 144,Chris Dinkins,,Total,
Bollinger,,1592,,1592
Iron,,2553,,2553
Madison,,606,,606
Reynolds,,2047,,2047
Shannon,,1506,,1506
Washington,,3463,,3463
Wayne,,143,,143
Total,,11910,,11910
State Representative,Republican,,,
District 145,Rick Francis,,Total,
Perry,,5315,,5315
Ste. Genevieve,,5167,,5167
Total,,10482,,10482
State Representative,Republican,,,
District 146,Barry D. Hovis,,Total,
Cape Girardeau,,13264,,13264
Total,,13264,,13264
State Representative,Republican,,Democratic,,Libertarian,,
District 147,John Voss,,Andy Leighton,,Greg Tlapek,,Total
Cape Girardeau,,6990,,3405,,450,10845
Total,,6990,,3405,,450,10845
"State RepresentativeDistrict 148","RepublicanJamie Burger",Total
Scott,10107,10107
Total,10107,10107
"State RepresentativeDistrict 149","RepublicanDonnie Brown",Total
Mississippi,2523,2523
New Madrid,3823,3823
Pemiscot,1518,1518
Total,7864,7864
"State RepresentativeDistrict 150","RepublicanCameron Bunting Parker",Total
Butler,1472,1472
Dunklin,5340,5340
Pemiscot,1231,1231
Total,8043,8043
"State RepresentativeDistrict 151","RepublicanHerman Morse",Total
Bollinger,2041,2041
Cape Girardeau,1364,1364
Stoddard,7822,7822
Total,11227,11227
"State RepresentativeDistrict 152","RepublicanHardy W Billington",Total
Butler,8658,8658
Total,8658,8658
"State RepresentativeDistrict 153","RepublicanDarrell Atchison",Total
Carter,1676,1676
Howell,221,221
Oregon,2589,2589
Ripley,3289,3289
Shannon,852,852
Wayne,3392,3392
Total,12019,12019
"State RepresentativeDistrict 154","RepublicanDavid Paul Evans",Total
Howell,11345,11345
Total,11345,11345
"State RepresentativeDistrict 155","RepublicanTravis Smith",Total
Douglas,3420,3420
Ozark,3290,3290
Stone,1557,1557
Taney,5524,5524
Total,13791,13791
State Representative,Republican,,Democratic,,,
District 156,Brian Seitz,,Ginger Kissee Witty,,Total,
Taney,,8765,,2489,,11254
Total,,8765,,2489,,11254
State Representative,Republican,,,
District 157,Mitch Boggs,,Total,
Lawrence,,10766,,10766
Total,,10766,,10766
State Representative,Republican,,Write-In,,,
District 158,Scott Cupps,,Jeremy Gundel,,Total,
Barry,,9658,,2,,9660
McDonald,,1150,,8,,1158
Total,,10808,,10,,10818
State Representative,Republican,,,
District 159,Dirk Deaton,,Total,
McDonald,,4371,,4371
Newton,,6266,,6266
Total,,10637,,10637
State Representative,Republican,,,
District 160,Ben Baker,,Total,
Newton,,11034,,11034
Total,,11034,,11034
"State RepresentativeDistrict 161","RepublicanLane Roberts",Total
Jasper,6819,6819
Total,6819,6819
"State RepresentativeDistrict 162","RepublicanBob Bromley",Total
Jasper,9869,9869
Total,9869,9869
"State RepresentativeDistrict 163","RepublicanCody Smith",Total
Jasper,8911,8911
Total,8911,8911
"Circuit JudgeCircuit 1","RepublicanRick Roberts",Total
Clark,2101,2101
Schuyler,1254,1254
Scotland,1123,1123
Total,4478,4478
"Circuit JudgeCircuit 5 Division 2","RepublicanDavid Bolander",Total
Andrew,5571,5571
Buchanan,20016,20016
Total,25587,25587
"Circuit JudgeCircuit 11 Division 2","RepublicanDeborah J Alessi",Total
St. Charles,109447,109447
Total,109447,109447
"Circuit JudgeCircuit 13 Division 2","DemocraticJeff Harris",Total
Boone,42641,42641
Callaway,9765,9765
Total,52406,52406
"Circuit JudgeCircuit 17 Division 2","RepublicanMike Wagner",Total
Cass,31680,31680
Johnson,13228,13228
Total,44908,44908
"Circuit JudgeCircuit 20 Division 2","RepublicanRyan J. Helfrich","DemocraticBill Stahlhuth",Total
Franklin,26693,9372,36065
Gasconade,4545,1021,5566
Osage,4636,740,5376
Total,35874,11133,47007
"Circuit JudgeCircuit 23 Division 3","RepublicanTravis Partney",Total
Jefferson,61192,61192
Total,61192,61192
"Circuit JudgeCircuit 25 Division 2","RepublicanJohn D. Beger",Total
Maries,3059,3059
Phelps,11753,11753
Pulaski,7998,7998
Texas,7117,7117
Total,29927,29927
"Circuit JudgeCircuit 26 Division 2","RepublicanKenny Hayden",Total
Camden,15174,15174
Laclede,10437,10437
Miller,7440,7440
Moniteau,4441,4441
Morgan,5987,5987
Total,43479,43479
Circuit Judge,Republican,
Circuit 29 Division 2,Dean G Dankelson,Total
Jasper,29653,29653
Total,29653,29653
Circuit Judge,Republican,
Circuit 38 Division 2,Jessica Kruse,Total
Christian,27718,27718
Total,27718,27718
"Nonpartisan JudgeMissouri Supreme CourtZel M Fisher",YES,NO,Total
Adair,3910,1843,5753
Andrew,4502,1383,5885
Atchison,1688,186,1874
Audrain,4604,1791,6395
Barry,7737,2045,9782
Barton,2972,847,3819
Bates,3460,1608,5068
Benton,5109,1769,6878
Bollinger,2839,820,3659
Boone,34724,15314,50038
Buchanan,16090,5660,21750
Butler,7188,3043,10231
Caldwell,2055,936,2991
Callaway,9917,3358,13275
Camden,12064,4032,16096
Cape Girardeau,18048,5900,23948
Carroll,2025,937,2962
Carter,950,584,1534
Cass,24165,10691,34856
Cedar,3477,1070,4547
Chariton,1691,683,2374
Christian,23294,5954,29248
Clark,1491,551,2042
Clay,48324,29937,78261
Clinton,4681,1980,6661
Cole,19007,6402,25409
Cooper,4239,1279,5518
Crawford,4267,2376,6643
Dade,2063,582,2645
Dallas,4042,1159,5201
"Nonpartisan JudgeMissouri Supreme CourtZel M Fisher",YES,NO,Total
Daviess,1710,670,2380
De Kalb,2246,770,3016
Dent,3070,1271,4341
Douglas,3330,998,4328
Dunklin,4366,1068,5434
Franklin,21998,10093,32091
Gasconade,3185,1620,4805
Gentry,1553,495,2048
Greene,61806,22779,84585
Grundy,1941,926,2867
Harrison,1629,693,2322
Henry,4675,1983,6658
Hickory,2311,894,3205
Holt,1268,269,1537
Howard,2370,863,3233
Howell,9183,2463,11646
Iron,1776,806,2582
Jackson,70209,42454,112663
Jasper,21975,8863,30838
Jefferson,43487,24010,67497
Johnson,10439,3680,14119
Kansas City,48662,28489,77151
Knox,773,299,1072
Laclede,8364,2413,10777
Lafayette,7344,3387,10731
Lawrence,8929,2178,11107
Lewis,2206,582,2788
Lincoln,11610,5827,17437
Linn,2579,1021,3600
Livingston,2946,1214,4160
"Nonpartisan JudgeMissouri Supreme CourtZel M Fisher",YES,NO,Total
Macon,3822,1203,5025
Madison,2268,990,3258
Maries,1971,1002,2973
Marion,5720,1686,7406
McDonald,3800,1580,5380
Mercer,736,359,1095
Miller,5791,1806,7597
Mississippi,2017,572,2589
Moniteau,3418,1054,4472
Monroe,1966,700,2666
Montgomery,2425,1121,3546
Morgan,4385,1562,5947
New Madrid,2806,930,3736
Newton,12753,4944,17697
Nodaway,4760,1518,6278
Oregon,1918,632,2550
Osage,3149,1610,4759
Ozark,2377,729,3106
Pemiscot,1758,906,2664
Perry,3939,1282,5221
Pettis,8743,3223,11966
Phelps,8404,3474,11878
Pike,3018,1401,4419
Platte,24410,11668,36078
Polk,6924,2502,9426
Pulaski,6452,1862,8314
Putnam,1087,340,1427
Ralls,2496,912,3408
Randolph,4844,1764,6608
Ray,4733,2306,7039
"Nonpartisan JudgeMissouri Supreme CourtZel M Fisher",YES,NO,Total
Reynolds,1332,567,1899
Ripley,2429,739,3168
Saline,3601,1788,5389
Schuyler,873,415,1288
Scotland,815,275,1090
Scott,8138,2208,10346
Shannon,1632,764,2396
Shelby,1322,581,1903
St. Charles,85180,40300,125480
St. Clair,2367,934,3301
St. Francois,10862,4957,15819
St. Louis,189454,118183,307637
St. Louis City,40916,30399,71315
Ste. Genevieve,3704,1829,5533
Stoddard,5964,1632,7596
Stone,9661,2286,11947
Sullivan,1050,480,1530
Taney,12456,3031,15487
Texas,5671,1579,7250
Vernon,4417,1248,5665
Warren,7346,3767,11113
Washington,4034,2025,6059
Wayne,2599,870,3469
Webster,9747,2902,12649
Worth,507,238,745
Wright,3894,1599,5493
Total,1211424,569032,1780456
"Nonpartisan JudgeMissouri Supreme CourtRobin Ransom",YES,NO,Total
Adair,3914,1790,5704
Andrew,4395,1392,5787
Atchison,1381,276,1657
Audrain,4561,1741,6302
Barry,7551,2126,9677
Barton,2821,964,3785
Bates,3396,1620,5016
Benton,4920,1815,6735
Bollinger,2716,884,3600
Boone,37548,12286,49834
Buchanan,15805,5413,21218
Butler,7147,3039,10186
Caldwell,2006,929,2935
Callaway,9909,3308,13217
Camden,11587,4284,15871
Cape Girardeau,17746,5891,23637
Carroll,1988,959,2947
Carter,945,567,1512
Cass,24047,10230,34277
Cedar,3344,1137,4481
Chariton,1650,691,2341
Christian,22731,6245,28976
Clark,1425,586,2011
Clay,50522,27050,77572
Clinton,4552,1980,6532
Cole,18800,6275,25075
Cooper,4221,1267,5488
Crawford,4194,2379,6573
Dade,2008,611,2619
Dallas,3887,1260,5147
"Nonpartisan JudgeMissouri Supreme CourtRobin Ransom",YES,NO,Total
Daviess,1672,654,2326
De Kalb,2182,789,2971
Dent,2938,1366,4304
Douglas,3205,1061,4266
Dunklin,4283,1096,5379
Franklin,21853,10169,32022
Gasconade,3127,1636,4763
Gentry,1487,502,1989
Greene,62344,22145,84489
Grundy,1932,909,2841
Harrison,1578,718,2296
Henry,4496,2063,6559
Hickory,2222,894,3116
Holt,1112,327,1439
Howard,2340,839,3179
Howell,9009,2482,11491
Iron,1752,789,2541
Jackson,73953,38410,112363
Jasper,21936,8784,30720
Jefferson,42907,23499,66406
Johnson,10481,3547,14028
Kansas City,55074,21709,76783
Knox,753,301,1054
Laclede,8311,2438,10749
Lafayette,7279,3390,10669
Lawrence,8655,2338,10993
Lewis,2191,562,2753
Lincoln,11462,5878,17340
Linn,2531,986,3517
Livingston,2911,1218,4129
"Nonpartisan JudgeMissouri Supreme CourtRobin Ransom",YES,NO,Total
Macon,3799,1197,4996
Madison,2199,1015,3214
Maries,1930,1012,2942
Marion,5661,1647,7308
McDonald,3750,1600,5350
Mercer,700,378,1078
Miller,5505,2001,7506
Mississippi,1917,621,2538
Moniteau,3300,1086,4386
Monroe,1955,682,2637
Montgomery,2416,1116,3532
Morgan,4216,1611,5827
New Madrid,2751,926,3677
Newton,12340,5277,17617
Nodaway,4595,1532,6127
Oregon,1882,625,2507
Osage,3077,1659,4736
Ozark,2293,783,3076
Pemiscot,1790,857,2647
Perry,3790,1355,5145
Pettis,8614,3301,11915
Phelps,8305,3513,11818
Pike,2965,1409,4374
Platte,24999,10886,35885
Polk,6829,2565,9394
Pulaski,5309,2605,7914
Putnam,1058,333,1391
Ralls,2481,855,3336
Randolph,4810,1716,6526
Ray,4598,2314,6912
"Nonpartisan JudgeMissouri Supreme CourtRobin Ransom",YES,NO,Total
Reynolds,1294,572,1866
Ripley,2313,802,3115
Saline,3624,1741,5365
Schuyler,869,412,1281
Scotland,819,266,1085
Scott,7964,2274,10238
Shannon,1584,773,2357
Shelby,1311,559,1870
St. Charles,85926,37980,123906
St. Clair,2303,980,3283
St. Francois,10643,4943,15586
St. Louis,205891,99490,305381
St. Louis City,48641,23004,71645
Ste. Genevieve,3598,1832,5430
Stoddard,5776,1747,7523
Stone,9446,2344,11790
Sullivan,1043,477,1520
Taney,12142,3153,15295
Texas,5491,1680,7171
Vernon,4352,1277,5629
Warren,7253,3791,11044
Washington,3900,2064,5964
Wayne,2557,886,3443
Webster,9424,3130,12554
Worth,483,249,732
Wright,3776,1687,5463
Total,1239950,525084,1765034
"Nonpartisan JudgeMissouri Court of Appeals, Eastern DistrictKelly C. Broniec",YES,NO,Total
Audrain,4641,1667,6308
Cape Girardeau,17822,5599,23421
Clark,1445,554,1999
Franklin,21280,9688,30968
Gasconade,3104,1644,4748
Jefferson,43310,22809,66119
Knox,738,303,1041
Lewis,2176,557,2733
Lincoln,11439,5793,17232
Madison,2249,962,3211
Marion,5594,1670,7264
Monroe,1947,673,2620
Montgomery,2808,925,3733
Osage,3068,1653,4721
Perry,3807,1259,5066
Pike,2991,1393,4384
Ralls,2459,884,3343
Scotland,794,268,1062
Shelby,1293,551,1844
St. Charles,85500,37084,122584
St. Francois,10752,4797,15549
St. Louis,195851,104233,300084
St. Louis City,44642,25568,70210
Ste. Genevieve,3570,1810,5380
Warren,7357,3682,11039
Washington,3941,2021,5962
Total,484578,238047,722625
"Nonpartisan JudgeMissouri Court of Appeals, Eastern DistrictThomas C. Clark, II",YES,NO,Total
Audrain,4522,1671,6193
Cape Girardeau,17573,5713,23286
Clark,1440,555,1995
Franklin,20987,9766,30753
Gasconade,3080,1641,4721
Jefferson,42161,23477,65638
Knox,744,289,1033
Lewis,2147,576,2723
Lincoln,11369,5825,17194
Madison,2200,998,3198
Marion,5540,1669,7209
Monroe,1910,681,2591
Montgomery,2443,1072,3515
Osage,3072,1640,4712
Perry,3756,1242,4998
Pike,2931,1413,4344
Ralls,2441,860,3301
Scotland,776,276,1052
Shelby,1261,567,1828
St. Charles,82701,39154,121855
St. Francois,10555,4790,15345
St. Louis,188860,109852,298712
St. Louis City,43543,26681,70224
Ste. Genevieve,3444,1846,5290
Warren,7186,3754,10940
Washington,3872,2051,5923
Total,470514,248059,718573
"Nonpartisan JudgeMissouri Court of Appeals, Eastern DistrictMichael E. Gardner",YES,NO,Total
Audrain,4502,1683,6185
Cape Girardeau,18362,5325,23687
Clark,1454,534,1988
Franklin,20881,9701,30582
Gasconade,3106,1609,4715
Jefferson,42356,23394,65750
Knox,748,283,1031
Lewis,2168,550,2718
Lincoln,11362,5827,17189
Madison,2234,964,3198
Marion,5560,1653,7213
Monroe,1931,662,2593
Montgomery,2436,1080,3516
Osage,3089,1616,4705
Perry,3858,1199,5057
Pike,2956,1389,4345
Ralls,2458,873,3331
Scotland,779,273,1052
Shelby,1286,548,1834
St. Charles,83062,39094,122156
St. Francois,10610,4759,15369
St. Louis,187579,111078,298657
St. Louis City,43292,26902,70194
Ste. Genevieve,3536,1811,5347
Warren,7164,3771,10935
Washington,3905,1998,5903
Total,470674,248576,719250
"Nonpartisan JudgeMissouri Court of Appeals, Eastern DistrictJohn P. Torbitzky",YES,NO,Total
Audrain,4397,1810,6207
Cape Girardeau,17444,5882,23326
Clark,1403,591,1994
Franklin,20507,10050,30557
Gasconade,3057,1669,4726
Jefferson,41706,23778,65484
Knox,720,317,1037
Lewis,2134,591,2725
Lincoln,11162,6007,17169
Madison,2184,1028,3212
Marion,5482,1748,7230
Monroe,1888,714,2602
Montgomery,2389,1126,3515
Osage,3041,1676,4717
Perry,3689,1348,5037
Pike,2896,1434,4330
Ralls,2402,922,3324
Scotland,753,300,1053
Shelby,1247,586,1833
St. Charles,82554,39406,121960
St. Francois,10477,4994,15471
St. Louis,183681,113038,296719
St. Louis City,41878,27988,69866
Ste. Genevieve,3385,1949,5334
Warren,7105,3841,10946
Washington,3858,2103,5961
Total,461439,254896,716335
"Nonpartisan JudgeMissouri Court of Appeals, Southern DistrictDon Burrell",YES,NO,Total
Barry,7817,1898,9715
Barton,2955,813,3768
Bollinger,2818,804,3622
Butler,7110,3049,10159
Camden,11732,4118,15850
Carter,943,571,1514
Cedar,3483,1023,4506
Christian,23583,5533,29116
Crawford,4169,2421,6590
Dade,2076,549,2625
Dallas,4070,1104,5174
Dent,3055,1242,4297
Douglas,3347,938,4285
Dunklin,4344,1029,5373
Greene,63389,21438,84827
Hickory,2297,869,3166
Howell,9164,2374,11538
Iron,1763,769,2532
Jasper,22047,8571,30618
Laclede,8478,2269,10747
Lawrence,8987,2057,11044
Maries,1948,986,2934
McDonald,3775,1553,5328
Mississippi,1974,581,2555
New Madrid,2772,904,3676
Newton,12751,4851,17602
Oregon,1916,589,2505
Ozark,2377,698,3075
Pemiscot,1776,867,2643
Phelps,8293,3475,11768
"Nonpartisan JudgeMissouri Court of Appeals, Southern DistrictDon Burrell",YES,NO,Total
Polk,6951,2425,9376
Pulaski,6406,1811,8217
Reynolds,1317,539,1856
Ripley,2349,778,3127
Scott,8056,2172,10228
Shannon,1622,741,2363
St. Clair,2348,942,3290
Stoddard,5859,1649,7508
Stone,9774,2088,11862
Taney,12428,2896,15324
Texas,5659,1514,7173
Wayne,2573,845,3418
Webster,9812,2797,12609
Wright,3919,1544,5463
Total,314282,100684,414966
"Nonpartisan JudgeMissouri Court of Appeals, Southern DistrictJack Goodman",YES,NO,Total
Barry,8289,1710,9999
Barton,2962,811,3773
Bollinger,2823,798,3621
Butler,7251,2930,10181
Camden,11943,3924,15867
Carter,956,568,1524
Cedar,3489,1012,4501
Christian,23532,5534,29066
Crawford,4220,2369,6589
Dade,2083,545,2628
Dallas,4103,1072,5175
Dent,3073,1219,4292
Douglas,3357,913,4270
Dunklin,4371,998,5369
Greene,62247,21820,84067
Hickory,2314,845,3159
Howell,9210,2321,11531
Iron,1782,758,2540
Jasper,22224,8472,30696
Laclede,8448,2238,10686
Lawrence,9802,1715,11517
Maries,1965,979,2944
McDonald,3916,1464,5380
Mississippi,2000,546,2546
New Madrid,2808,860,3668
Newton,13033,4648,17681
Oregon,1923,576,2499
Ozark,2393,686,3079
Pemiscot,1795,852,2647
Phelps,8311,3467,11778
"Nonpartisan JudgeMissouri Court of Appeals, Southern DistrictJack Goodman",YES,NO,Total
Polk,6972,2405,9377
Pulaski,6448,1777,8225
Reynolds,1342,520,1862
Ripley,2376,747,3123
Scott,8085,2139,10224
Shannon,1642,725,2367
St. Clair,2349,902,3251
Stoddard,5928,1573,7501
Stone,9906,2039,11945
Taney,12567,2794,15361
Texas,5691,1482,7173
Wayne,2594,832,3426
Webster,9824,2754,12578
Wright,3944,1519,5463
Total,316291,98858,415149
"Nonpartisan JudgeMissouri Court of Appeals, Western DistrictAlok Ahuja",YES,NO,Total
Adair,3616,2066,5682
Andrew,4061,1683,5744
Atchison,1199,418,1617
Bates,3004,1981,4985
Benton,4524,2249,6773
Boone,36087,12200,48287
Buchanan,15131,6137,21268
Caldwell,1773,1172,2945
Callaway,8864,3970,12834
Carroll,1810,1125,2935
Cass,22822,11517,34339
Chariton,1470,853,2323
Clay,48883,28212,77095
Clinton,4181,2372,6553
Cole,17476,7375,24851
Cooper,3835,1599,5434
Daviess,1490,835,2325
De Kalb,1947,1009,2956
Gentry,1331,675,2006
Grundy,1703,1132,2835
Harrison,1377,921,2298
Henry,4172,2397,6569
Holt,969,455,1424
Howard,2154,994,3148
Jackson,71700,39471,111171
Johnson,9728,4292,14020
Kansas City,56545,19678,76223
Lafayette,6817,3840,10657
Linn,2319,1219,3538
Livingston,2716,1409,4125
"Nonpartisan JudgeMissouri Court of Appeals, Western DistrictAlok Ahuja",YES,NO,Total
Macon,3379,1547,4926
Mercer,622,458,1080
Miller,4856,2583,7439
Moniteau,2970,1414,4384
Morgan,3793,2008,5801
Nodaway,4184,1912,6096
Pettis,7906,3725,11631
Platte,24642,11290,35932
Putnam,952,436,1388
Randolph,4327,2165,6492
Ray,4245,2675,6920
Saline,3284,2056,5340
Schuyler,692,527,1219
Sullivan,877,627,1504
Vernon,3622,1967,5589
Worth,423,308,731
Total,414478,198954,613432
"Nonpartisan JudgeMissouri Court of Appeals, Western DistrictKaren King Mitchell",YES,NO,Total
Adair,3540,2097,5637
Andrew,4184,1528,5712
Atchison,1267,342,1609
Bates,3188,1740,4928
Benton,4800,1898,6698
Boone,35132,12762,47894
Buchanan,15499,5613,21112
Caldwell,1871,1045,2916
Callaway,9309,3474,12783
Carroll,1950,973,2923
Cass,22503,11540,34043
Chariton,1529,769,2298
Clay,46889,29788,76677
Clinton,4309,2169,6478
Cole,17960,6808,24768
Cooper,4087,1340,5427
Daviess,1572,722,2294
De Kalb,2070,858,2928
Gentry,1442,533,1975
Grundy,1810,998,2808
Harrison,1522,759,2281
Henry,4372,2164,6536
Holt,963,451,1414
Howard,2245,864,3109
Jackson,66692,44064,110756
Johnson,10116,3876,13992
Kansas City,54167,21435,75602
Lafayette,6972,3656,10628
Linn,2399,1082,3481
Livingston,2862,1265,4127
"Nonpartisan JudgeMissouri Court of Appeals, Western DistrictKaren King Mitchell",YES,NO,Total
Macon,3173,1745,4918
Mercer,686,389,1075
Miller,5279,2132,7411
Moniteau,3161,1181,4342
Morgan,4065,1696,5761
Nodaway,4430,1659,6089
Pettis,8227,3395,11622
Platte,24166,11534,35700
Putnam,973,394,1367
Randolph,4525,1915,6440
Ray,4368,2505,6873
Saline,3487,1820,5307
Schuyler,755,442,1197
Sullivan,955,541,1496
Vernon,3879,1704,5583
Worth,456,273,729
Total,409806,199938,609744
"Nonpartisan JudgeMissouri Court of Appeals, Western DistrictMark D. Pfeiffer",YES,NO,Total
Adair,3505,2143,5648
Andrew,4218,1510,5728
Atchison,1282,326,1608
Bates,3169,1748,4917
Benton,4856,1884,6740
Boone,33948,14046,47994
Buchanan,15404,5738,21142
Caldwell,1870,1037,2907
Callaway,9250,3465,12715
Carroll,1982,937,2919
Cass,22369,11746,34115
Chariton,1552,743,2295
Clay,44496,31708,76204
Clinton,4337,2151,6488
Cole,17881,6833,24714
Cooper,4128,1300,5428
Daviess,1579,729,2308
De Kalb,2082,850,2932
Gentry,1465,506,1971
Grundy,1810,1017,2827
Harrison,1526,756,2282
Henry,4324,2199,6523
Holt,997,413,1410
Howard,2264,847,3111
Jackson,60566,49496,110062
Johnson,10117,3883,14000
Kansas City,47566,27760,75326
Lafayette,6961,3673,10634
Linn,2404,1094,3498
Livingston,2865,1255,4120
"Nonpartisan JudgeMissouri Court of Appeals, Western DistrictMark D. Pfeiffer",YES,NO,Total
Macon,3196,1706,4902
Mercer,705,375,1080
Miller,5331,2059,7390
Moniteau,3177,1158,4335
Morgan,4061,1691,5752
Nodaway,4485,1609,6094
Pettis,8188,3372,11560
Platte,23270,12225,35495
Putnam,1056,320,1376
Randolph,4576,1895,6471
Ray,4410,2451,6861
Saline,3484,1832,5316
Schuyler,755,442,1197
Sullivan,972,520,1492
Vernon,3904,1681,5585
Worth,471,257,728
Total,392814,215386,608200
"Nonpartisan JudgeMissouri Court of Appeals, Western DistrictDoug Thomson",YES,NO,Total
Adair,3771,1834,5605
Andrew,4416,1324,5740
Atchison,1372,259,1631
Bates,3368,1585,4953
Benton,4970,1771,6741
Boone,33413,13968,47381
Buchanan,15840,5338,21178
Caldwell,2013,923,2936
Callaway,9456,3220,12676
Carroll,2043,889,2932
Cass,23720,10427,34147
Chariton,1639,669,2308
Clay,47868,28367,76235
Clinton,4554,1964,6518
Cole,18397,6335,24732
Cooper,4168,1264,5432
Daviess,1675,651,2326
De Kalb,2196,753,2949
Gentry,1526,486,2012
Grundy,1930,880,2810
Harrison,1599,693,2292
Henry,4577,1969,6546
Holt,1146,284,1430
Howard,2301,831,3132
Jackson,68854,40985,109839
Johnson,10464,3455,13919
Kansas City,48537,26620,75157
Lafayette,7237,3412,10649
Linn,2567,951,3518
Livingston,2968,1160,4128
"Nonpartisan JudgeMissouri Court of Appeals, Western DistrictDoug Thomson",YES,NO,Total
Macon,3720,1196,4916
Mercer,716,365,1081
Miller,5450,1961,7411
Moniteau,3279,1083,4362
Morgan,4226,1541,5767
Nodaway,5206,1206,6412
Pettis,8394,3127,11521
Platte,23817,11286,35103
Putnam,1063,317,1380
Randolph,4739,1742,6481
Ray,4688,2213,6901
Saline,3608,1702,5310
Schuyler,774,418,1192
Sullivan,1016,466,1482
Vernon,4344,1245,5589
Worth,509,230,739
Total,414134,193365,607499
"Nonpartisan JudgeCircuit Judge - Circuit 6 Division 1Thomas C. Fincham",YES,NO,Total
Platte,23751,11742,35493
Total,23751,11742,35493
"Nonpartisan JudgeCircuit Judge - Circuit 6 Division 2Ann Hansbrough",YES,NO,Total
Platte,25195,10428,35623
Total,25195,10428,35623
"Nonpartisan JudgeCircuit Judge - Circuit 7 Division 1Shane T. Alexander",YES,NO,Total
Clay,49070,27300,76370
Total,49070,27300,76370
"Nonpartisan JudgeCircuit Judge - Circuit 16 Division 1Sarah A. Castle",YES,NO,Total
Jackson,73774,36120,109894
Kansas City,55567,19880,75447
Total,129341,56000,185341
"Nonpartisan JudgeCircuit Judge - Circuit 16 Division 3Jerri J. Zhang",YES,NO,Total
Jackson,67224,42055,109279
Kansas City,54299,20931,75230
Total,121523,62986,184509
"Nonpartisan JudgeCircuit Judge - Circuit 16 Division 6J. Dale Youngs",YES,NO,Total
Jackson,60129,48702,108831
Kansas City,48582,26406,74988
Total,108711,75108,183819
"Nonpartisan JudgeCircuit Judge - Circuit 16 Division 7S. Margene Burnett",YES,NO,Total
Jackson,64843,44274,109117
Kansas City,51397,23713,75110
Total,116240,67987,184227
"Nonpartisan JudgeCircuit Judge - Circuit 16 Division 8Bryan E. Round",YES,NO,Total
Jackson,61255,47545,108800
Kansas City,48053,26740,74793
Total,109308,74285,183593
"Nonpartisan JudgeCircuit Judge - Circuit 16 Division 9Joel P. Fahnestock",YES,NO,Total
Jackson,61657,46703,108360
Kansas City,49840,24890,74730
Total,111497,71593,183090
"Nonpartisan JudgeCircuit Judge - Circuit 16 Division 11Adam Caine",YES,NO,Total
Jackson,67856,40427,108283
Kansas City,48854,25758,74612
Total,116710,66185,182895
"Nonpartisan JudgeCircuit Judge - Circuit 16 Division 12Jennifer M. Phillips",YES,NO,Total
Jackson,63669,44338,108007
Kansas City,52077,22878,74955
Total,115746,67216,182962
"Nonpartisan JudgeCircuit Judge - Circuit 21 Division 10Jason D. Dodson",YES,NO,Total
St. Louis,187059,109424,296483
Total,187059,109424,296483
"Nonpartisan JudgeCircuit Judge - Circuit 21 Division 11Ellen Sue Levy",YES,NO,Total
St. Louis,196813,99704,296517
Total,196813,99704,296517
"Nonpartisan JudgeCircuit Judge - Circuit 21 Division 15Bill Corrigan",YES,NO,Total
St. Louis,185163,110151,295314
Total,185163,110151,295314
"Nonpartisan JudgeCircuit Judge - Circuit 21 Division 19Thomas C. Albus",YES,NO,Total
St. Louis,184754,110098,294852
Total,184754,110098,294852
"Nonpartisan JudgeCircuit Judge - Circuit 22 Division 11Bryan L. Hettenbach",YES,NO,Total
St. Louis City,42740,26443,69183
Total,42740,26443,69183
"Nonpartisan JudgeCircuit Judge - Circuit 22 Division 12Michael K. Mullen",YES,NO,Total
St. Louis City,44287,25241,69528
Total,44287,25241,69528
"Nonpartisan JudgeCircuit Judge - Circuit 22 Division 14John T. Bird",YES,NO,Total
St. Louis City,41817,26854,68671
Total,41817,26854,68671
"Nonpartisan JudgeCircuit Judge - Circuit 22 Division 17David C. Mason",YES,NO,Total
St. Louis City,44003,25552,69555
Total,44003,25552,69555
"Nonpartisan JudgeCircuit Judge - Circuit 22 Division 19Christopher E. McGraugh",YES,NO,Total
St. Louis City,43547,25402,68949
Total,43547,25402,68949
"Nonpartisan JudgeAssociate Circuit Judge - Circuit 6 Division 4Megan Blair Benton",YES,NO,Total
Platte,25298,10261,35559
Total,25298,10261,35559
"Nonpartisan JudgeAssociate Circuit Judge - Circuit 7 Division 6Karen Lee Krauser",YES,NO,Total
Clay,48978,27490,76468
Total,48978,27490,76468
"Nonpartisan JudgeAssociate Circuit Judge - Circuit 16 Division 25Jessica Agnelly Krawczyk",YES,NO,Total
Jackson,71053,36838,107891
Kansas City,54965,20112,75077
Total,126018,56950,182968
"Nonpartisan JudgeAssociate Circuit Judge - Circuit 16 Division 26R. Travis Willingham",YES,NO,Total
Jackson,66791,40424,107215
Kansas City,48812,25389,74201
Total,115603,65813,181416
"Nonpartisan JudgeAssociate Circuit Judge - Circuit 16 Division 27Kea S. Bird-Riley",YES,NO,Total
Jackson,66666,40848,107514
Kansas City,54463,20032,74495
Total,121129,60880,182009
"Nonpartisan JudgeAssociate Circuit Judge - Circuit 16 Division 30Twila Kay Rigby",YES,NO,Total
Jackson,62407,45567,107974
Kansas City,51743,22597,74340
Total,114150,68164,182314
"Nonpartisan JudgeAssociate Circuit Judge - Circuit 16 Division 31Mary Frances Weir",YES,NO,Total
Jackson,62845,44875,107720
Kansas City,53525,20914,74439
Total,116370,65789,182159
"Nonpartisan JudgeAssociate Circuit Judge - Circuit 16 Division 33Jeffrey L. Bushur",YES,NO,Total
Jackson,60552,46820,107372
Kansas City,47468,26517,73985
Total,108020,73337,181357
"Nonpartisan JudgeAssociate Circuit Judge - Circuit 16 Division 34Susan Long",YES,NO,Total
Jackson,63985,43735,107720
Kansas City,53402,20815,74217
Total,117387,64550,181937
"Nonpartisan JudgeAssociate Circuit Judge - Circuit 21 Division 32Julia Pusateri Lasater",YES,NO,Total
St. Louis,194501,101386,295887
Total,194501,101386,295887
"Nonpartisan JudgeAssociate Circuit Judge - Circuit 21 Division 34Amanda B. McNelley",YES,NO,Total
St. Louis,198130,96263,294393
Total,198130,96263,294393
"Nonpartisan JudgeAssociate Circuit Judge - Circuit 21 Division 36Joseph Green",YES,NO,Total
St. Louis,177721,116151,293872
Total,177721,116151,293872
"Nonpartisan JudgeAssociate Circuit Judge - Circuit 21 Division 37Jeffrey P. Medler",YES,NO,Total
St. Louis,183651,110093,293744
Total,183651,110093,293744
"Nonpartisan JudgeAssociate Circuit Judge - Circuit 21 Division 38John (JB) Lasater",YES,NO,Total
St. Louis,180971,113584,294555
Total,180971,113584,294555
"Nonpartisan JudgeAssociate Circuit Judge - Circuit 21 Division 39Ellen W. Dunne",YES,NO,Total
St. Louis,193386,103111,296497
Total,193386,103111,296497
"Nonpartisan JudgeAssociate Circuit Judge - Circuit 21 Division 43Mondonna L. Ghasedi",YES,NO,Total
St. Louis,182768,114146,296914
Total,182768,114146,296914
"Nonpartisan JudgeAssociate Circuit Judge - Circuit 22 Division 30Barbara Tina Peebles",YES,NO,Total
St. Louis City,46466,23211,69677
Total,46466,23211,69677
"Nonpartisan JudgeAssociate Circuit Judge - Circuit 31 Division 22Margaret Palmietto",YES,NO,Total
Greene,60155,24392,84547
Total,60155,24392,84547
"Nonpartisan JudgeAssociate Circuit Judge - Circuit 31 Division 24Mark A. Powell",YES,NO,Total
Greene,60981,23935,84916
Total,60981,23935,84916
"Nonpartisan JudgeAssociate Circuit Judge - Circuit 31 Division 25T. Todd Myers",YES,NO,Total
Greene,61804,21654,83458
Total,61804,21654,83458
"Constitutional AmendmentAmendment 1",YES,NO,Total
Adair,2647,4033,6680
Andrew,2975,3413,6388
Atchison,846,954,1800
Audrain,2920,4162,7082
Barry,4226,6331,10557
Barton,2042,2135,4177
Bates,2105,3345,5450
Benton,3161,4281,7442
Bollinger,1570,2384,3954
Boone,27033,31322,58355
Buchanan,11012,12309,23321
Butler,4111,6802,10913
Caldwell,1287,1982,3269
Callaway,6099,8176,14275
Camden,7828,9570,17398
Cape Girardeau,13049,13358,26407
Carroll,1365,1848,3213
Carter,497,1249,1746
Cass,17258,20600,37858
Cedar,1803,3028,4831
Chariton,1024,1630,2654
Christian,14207,17766,31973
Clark,929,1311,2240
Clay,39058,44906,83964
Clinton,3052,4141,7193
Cole,12237,15113,27350
Cooper,2433,3413,5846
Crawford,2470,4788,7258
Dade,1179,1685,2864
Dallas,2008,3525,5533
Daviess,1098,1467,2565
"Constitutional AmendmentAmendment 1",YES,NO,Total
De Kalb,1301,1938,3239
Dent,1786,2931,4717
Douglas,1663,3071,4734
Dunklin,2448,3393,5841
Franklin,15980,19058,35038
Gasconade,1976,3410,5386
Gentry,946,1262,2208
Greene,39972,53913,93885
Grundy,1208,1870,3078
Harrison,1111,1444,2555
Henry,3055,4166,7221
Hickory,1174,2333,3507
Holt,720,875,1595
Howard,1423,2215,3638
Howell,4765,7806,12571
Iron,977,1869,2846
Jackson,61686,62606,124292
Jasper,14493,18878,33371
Jefferson,32675,42090,74765
Johnson,6908,8122,15030
Kansas City,37573,45295,82868
Knox,454,808,1262
Laclede,4325,6710,11035
Lafayette,5006,6526,11532
Lawrence,4968,7009,11977
Lewis,1261,1751,3012
Lincoln,8306,10497,18803
Linn,1687,2231,3918
Livingston,1824,2690,4514
Macon,2444,2888,5332
Madison,1234,2290,3524
"Constitutional AmendmentAmendment 1",YES,NO,Total
Maries,1114,2188,3302
Marion,3835,4381,8216
McDonald,2248,3536,5784
Mercer,428,778,1206
Miller,3316,5024,8340
Mississippi,1171,1565,2736
Moniteau,1838,2984,4822
Monroe,1202,1793,2995
Montgomery,1479,2392,3871
Morgan,2511,4068,6579
New Madrid,1587,2486,4073
Newton,8058,11135,19193
Nodaway,2967,3756,6723
Oregon,914,1937,2851
Osage,1996,3271,5267
Ozark,1564,1939,3503
Pemiscot,1225,1726,2951
Perry,2451,3339,5790
Pettis,5464,7107,12571
Phelps,5493,7473,12966
Pike,1897,3009,4906
Platte,20347,18942,39289
Polk,4084,6023,10107
Pulaski,3697,5252,8949
Putnam,682,884,1566
Ralls,1519,2262,3781
Randolph,2945,4216,7161
Ray,3039,4552,7591
Reynolds,743,1422,2165
Ripley,1225,2281,3506
Saline,2436,3569,6005
"Constitutional AmendmentAmendment 1",YES,NO,Total
Schuyler,487,935,1422
Scotland,538,723,1261
Scott,5108,5950,11058
Shannon,763,1960,2723
Shelby,912,1234,2146
St. Charles,72504,68756,141260
St. Clair,1382,2151,3533
St. Francois,7029,10220,17249
St. Louis,177999,171014,349013
St. Louis City,35884,43276,79160
Ste. Genevieve,2396,3716,6112
Stoddard,3051,5070,8121
Stone,5866,7205,13071
Sullivan,558,1040,1598
Taney,7395,9377,16772
Texas,2803,5084,7887
Vernon,2303,3569,5872
Warren,5188,7200,12388
Washington,2288,4279,6567
Wayne,1432,2384,3816
Webster,5471,8165,13636
Worth,335,478,813
Wright,2234,3725,5959
Total,896279,1065773,1962052
"Constitutional AmendmentAmendment 3",YES,NO,Total
Adair,2984,4066,7050
Andrew,2850,3845,6695
Atchison,769,1136,1905
Audrain,3078,4346,7424
Barry,4017,6947,10964
Barton,1232,3077,4309
Bates,2578,3190,5768
Benton,3450,4280,7730
Bollinger,1467,2643,4110
Boone,39099,23621,62720
Buchanan,12635,11923,24558
Butler,4694,6662,11356
Caldwell,1567,1843,3410
Callaway,7056,7887,14943
Camden,8669,9591,18260
Cape Girardeau,12173,15543,27716
Carroll,1253,2072,3325
Carter,736,1133,1869
Cass,21331,18383,39714
Cedar,1957,3162,5119
Chariton,953,1825,2778
Christian,14056,19154,33210
Clark,1023,1306,2329
Clay,53531,33697,87228
Clinton,3671,3840,7511
Cole,12503,15952,28455
Cooper,2605,3499,6104
Crawford,3091,4460,7551
Dade,1047,1945,2992
Dallas,2339,3418,5757
Daviess,1081,1604,2685
"Constitutional AmendmentAmendment 3",YES,NO,Total
De Kalb,1310,2048,3358
Dent,1697,3280,4977
Douglas,1624,3396,5020
Dunklin,2752,3411,6163
Franklin,16015,20907,36922
Gasconade,1972,3682,5654
Gentry,844,1463,2307
Greene,51342,46419,97761
Grundy,1149,2056,3205
Harrison,867,1814,2681
Henry,3399,4149,7548
Hickory,1635,2036,3671
Holt,591,1073,1664
Howard,1765,2066,3831
Howell,5076,8149,13225
Iron,1356,1675,3031
Jackson,79122,51084,130206
Jasper,14227,20397,34624
Jefferson,43183,35945,79128
Johnson,8123,7529,15652
Kansas City,66748,18948,85696
Knox,481,892,1373
Laclede,4316,7014,11330
Lafayette,5784,6168,11952
Lawrence,4571,7922,12493
Lewis,1289,1862,3151
Lincoln,9610,10119,19729
Linn,1663,2466,4129
Livingston,1969,2764,4733
Macon,1813,3740,5553
Madison,1537,2134,3671
"Constitutional AmendmentAmendment 3",YES,NO,Total
Maries,1186,2238,3424
Marion,3755,4894,8649
McDonald,2560,3486,6046
Mercer,428,828,1256
Miller,3412,5300,8712
Mississippi,1322,1545,2867
Moniteau,1819,3273,5092
Monroe,1235,1920,3155
Montgomery,1581,2468,4049
Morgan,3127,3788,6915
New Madrid,2016,2330,4346
Newton,7347,12492,19839
Nodaway,2688,4335,7023
Oregon,1186,1866,3052
Osage,1691,3811,5502
Ozark,1456,2219,3675
Pemiscot,1427,1711,3138
Perry,2466,3769,6235
Pettis,5709,7428,13137
Phelps,5771,7736,13507
Pike,2077,3058,5135
Platte,25520,15405,40925
Polk,4196,6303,10499
Pulaski,4061,5241,9302
Putnam,609,1086,1695
Ralls,1648,2310,3958
Randolph,3004,4445,7449
Ray,4102,3820,7922
Reynolds,1023,1346,2369
Ripley,1504,2197,3701
Saline,2826,3419,6245
"Constitutional AmendmentAmendment 3",YES,NO,Total
Schuyler,554,959,1513
Scotland,492,859,1351
Scott,4971,6529,11500
Shannon,1093,1793,2886
Shelby,701,1584,2285
St. Charles,82448,67388,149836
St. Clair,1634,2049,3683
St. Francois,9153,8962,18115
St. Louis,215896,150147,366043
St. Louis City,61096,22521,83617
Ste. Genevieve,2891,3692,6583
Stoddard,3280,5236,8516
Stone,5695,8018,13713
Sullivan,586,1129,1715
Taney,7320,10336,17656
Texas,2929,5296,8225
Vernon,2553,3560,6113
Warren,6113,6974,13087
Washington,3339,3586,6925
Wayne,1677,2341,4018
Webster,5752,8451,14203
Worth,302,546,848
Wright,1880,4339,6219
Total,1092432,965020,2057452
"Constitutional AmendmentAmendment 4",YES,NO,Total
Adair,4090,2733,6823
Andrew,4789,1783,6572
Atchison,1284,565,1849
Audrain,4733,2510,7243
Barry,6552,4023,10575
Barton,2889,1329,4218
Bates,3897,1702,5599
Benton,5385,2197,7582
Bollinger,2534,1490,4024
Boone,33011,27301,60312
Buchanan,17213,6957,24170
Butler,7161,3923,11084
Caldwell,2285,1048,3333
Callaway,9579,4955,14534
Camden,11945,5900,17845
Cape Girardeau,17941,9127,27068
Carroll,2167,1082,3249
Carter,989,810,1799
Cass,27199,11795,38994
Cedar,3203,1706,4909
Chariton,1706,995,2701
Christian,20298,11935,32233
Clark,1450,802,2252
Clay,55743,30322,86065
Clinton,5187,2187,7374
Cole,17660,9977,27637
Cooper,3840,2134,5974
Crawford,4490,2846,7336
Dade,1880,1037,2917
Dallas,3515,2040,5555
Daviess,1812,799,2611
"Constitutional AmendmentAmendment 4",YES,NO,Total
De Kalb,2216,1105,3321
Dent,2855,1963,4818
Douglas,2842,1975,4817
Dunklin,4045,1966,6011
Franklin,24101,11698,35799
Gasconade,3200,2255,5455
Gentry,1579,672,2251
Greene,61055,34671,95726
Grundy,2060,1062,3122
Harrison,1842,768,2610
Henry,5117,2157,7274
Hickory,2220,1320,3540
Holt,1164,461,1625
Howard,2124,1582,3706
Howell,8276,4551,12827
Iron,1873,1057,2930
Jackson,83905,44438,128343
Jasper,22528,11352,33880
Jefferson,53006,23650,76656
Johnson,10526,4856,15382
Kansas City,32684,52126,84810
Knox,788,502,1290
Laclede,7195,3953,11148
Lafayette,8049,3688,11737
Lawrence,7717,4477,12194
Lewis,1987,1056,3043
Lincoln,13431,5857,19288
Linn,2648,1340,3988
Livingston,3032,1564,4596
Macon,3685,1731,5416
Madison,2196,1395,3591
"Constitutional AmendmentAmendment 4",YES,NO,Total
Maries,1938,1407,3345
Marion,5744,2673,8417
McDonald,3767,2139,5906
Mercer,765,459,1224
Miller,5482,2962,8444
Mississippi,1932,850,2782
Moniteau,3008,1919,4927
Monroe,1983,1077,3060
Montgomery,2446,1491,3937
Morgan,4433,2302,6735
New Madrid,2866,1340,4206
Newton,12869,6591,19460
Nodaway,4398,2431,6829
Oregon,1741,1188,2929
Osage,3166,2168,5334
Ozark,2314,1254,3568
Pemiscot,2087,939,3026
Perry,3917,2061,5978
Pettis,8574,4252,12826
Phelps,8319,4863,13182
Pike,3226,1746,4972
Platte,26192,14220,40412
Polk,6655,3599,10254
Pulaski,6160,2963,9123
Putnam,1061,562,1623
Ralls,2572,1293,3865
Randolph,4856,2421,7277
Ray,5289,2368,7657
Reynolds,1416,824,2240
Ripley,2306,1281,3587
Saline,3972,2124,6096
"Constitutional AmendmentAmendment 4",YES,NO,Total
Schuyler,896,548,1444
Scotland,827,458,1285
Scott,7573,3726,11299
Shannon,1460,1318,2778
Shelby,1365,825,2190
St. Charles,102081,43901,145982
St. Clair,2416,1164,3580
St. Francois,12120,5560,17680
St. Louis,221030,137085,358115
St. Louis City,39270,42466,81736
Ste. Genevieve,4071,2128,6199
Stoddard,5582,2741,8323
Stone,9252,4117,13369
Sullivan,1042,610,1652
Taney,11761,5452,17213
Texas,4769,3223,7992
Vernon,4072,1916,5988
Warren,8321,4365,12686
Washington,4458,2251,6709
Wayne,2491,1438,3929
Webster,8950,4816,13766
Worth,479,347,826
Wright,3713,2303,6016
Total,1269826,739783,2009609
"Constitutional AmendmentAmendment 5",YES,NO,Total
Adair,3995,2728,6723
Andrew,4597,1899,6496
Atchison,1253,578,1831
Audrain,4709,2452,7161
Barry,6837,3776,10613
Barton,2962,1236,4198
Bates,3754,1796,5550
Benton,5189,2335,7524
Bollinger,2609,1392,4001
Boone,32604,27194,59798
Buchanan,16933,6966,23899
Butler,7221,3840,11061
Caldwell,2182,1102,3284
Callaway,9331,5187,14518
Camden,11794,5900,17694
Cape Girardeau,17515,9306,26821
Carroll,2155,1078,3233
Carter,1010,764,1774
Cass,24901,13528,38429
Cedar,3127,1806,4933
Chariton,1682,994,2676
Christian,20403,11832,32235
Clark,1408,822,2230
Clay,52046,32756,84802
Clinton,4847,2409,7256
Cole,17219,10446,27665
Cooper,3921,2043,5964
Crawford,4490,2760,7250
Dade,1888,999,2887
Dallas,3539,2025,5564
Daviess,1760,834,2594
"Constitutional AmendmentAmendment 5",YES,NO,Total
De Kalb,2352,936,3288
Dent,2934,1845,4779
Douglas,2943,1843,4786
Dunklin,3979,1978,5957
Franklin,23148,12462,35610
Gasconade,3239,2168,5407
Gentry,1519,719,2238
Greene,57147,37582,94729
Grundy,1955,1143,3098
Harrison,1777,805,2582
Henry,4883,2396,7279
Hickory,2189,1334,3523
Holt,1153,471,1624
Howard,2265,1433,3698
Howell,8079,4666,12745
Iron,1801,1099,2900
Jackson,79839,46846,126685
Jasper,22108,11544,33652
Jefferson,48151,28126,76277
Johnson,10299,4986,15285
Kansas City,35322,47920,83242
Knox,786,499,1285
Laclede,7192,3941,11133
Lafayette,7647,3993,11640
Lawrence,7973,4132,12105
Lewis,1941,1090,3031
Lincoln,12550,6427,18977
Linn,2608,1350,3958
Livingston,2879,1693,4572
Macon,3636,1768,5404
Madison,2318,1270,3588
"Constitutional AmendmentAmendment 5",YES,NO,Total
Maries,2137,1188,3325
Marion,5254,3065,8319
McDonald,3856,1963,5819
Mercer,772,445,1217
Miller,5708,2732,8440
Mississippi,1826,924,2750
Moniteau,3131,1788,4919
Monroe,1957,1059,3016
Montgomery,2433,1482,3915
Morgan,4504,2225,6729
New Madrid,2743,1430,4173
Newton,12961,6407,19368
Nodaway,4491,2299,6790
Oregon,1713,1181,2894
Osage,3380,1977,5357
Ozark,2389,1133,3522
Pemiscot,2012,971,2983
Perry,3773,2150,5923
Pettis,8403,4405,12808
Phelps,8057,5033,13090
Pike,3130,1807,4937
Platte,23927,15778,39705
Polk,6442,3710,10152
Pulaski,6047,3273,9320
Putnam,1060,546,1606
Ralls,2473,1376,3849
Randolph,4815,2391,7206
Ray,5029,2578,7607
Reynolds,1415,789,2204
Ripley,2339,1230,3569
Saline,3923,2129,6052
"Constitutional AmendmentAmendment 5",YES,NO,Total
Schuyler,863,579,1442
Scotland,793,476,1269
Scott,7354,3828,11182
Shannon,1497,1254,2751
Shelby,1280,877,2157
St. Charles,88971,54854,143825
St. Clair,2348,1230,3578
St. Francois,11508,5977,17485
St. Louis,194186,159425,353611
St. Louis City,34856,45736,80592
Ste. Genevieve,3728,2328,6056
Stoddard,5411,2844,8255
Stone,8836,4390,13226
Sullivan,1009,632,1641
Taney,11339,5659,16998
Texas,4883,3030,7913
Vernon,3999,1962,5961
Warren,8199,4350,12549
Washington,4275,2376,6651
Wayne,2539,1363,3902
Webster,8793,4961,13754
Worth,564,266,830
Wright,3853,2122,5975
Total,1197677,791231,1988908
"ConstitutionalConvention Question",YES,NO,Total
Adair,1838,4826,6664
Andrew,2246,4167,6413
Atchison,639,1166,1805
Audrain,2093,5038,7131
Barry,3329,7211,10540
Barton,1152,3036,4188
Bates,1684,3801,5485
Benton,2495,4956,7451
Bollinger,1095,2895,3990
Boone,18164,40834,58998
Buchanan,8547,14915,23462
Butler,3491,7375,10866
Caldwell,1011,2266,3277
Callaway,4495,9875,14370
Camden,5710,11847,17557
Cape Girardeau,9369,17172,26541
Carroll,908,2289,3197
Carter,425,1321,1746
Cass,12701,25431,38132
Cedar,1481,3396,4877
Chariton,644,2018,2662
Christian,10736,21057,31793
Clark,741,1493,2234
Clay,26906,56625,83531
Clinton,2378,4835,7213
Cole,8473,18925,27398
Cooper,1697,4213,5910
Crawford,2138,5078,7216
Dade,863,2027,2890
Dallas,1751,3775,5526
Daviess,811,1750,2561
"ConstitutionalConvention Question",YES,NO,Total
De Kalb,1000,2268,3268
Dent,1287,3471,4758
Douglas,1283,3489,4772
Dunklin,2021,3883,5904
Franklin,10439,24856,35295
Gasconade,1465,3877,5342
Gentry,665,1561,2226
Greene,32233,61225,93458
Grundy,857,2220,3077
Harrison,676,1879,2555
Henry,2318,4961,7279
Hickory,984,2533,3517
Holt,494,1096,1590
Howard,1071,2580,3651
Howell,3610,9071,12681
Iron,821,2053,2874
Jackson,38931,85801,124732
Jasper,10916,22272,33188
Jefferson,23185,51283,74468
Johnson,4900,9936,14836
Kansas City,23187,59130,82317
Knox,354,926,1280
Laclede,3407,7644,11051
Lafayette,3644,7859,11503
Lawrence,4009,8050,12059
Lewis,1031,1992,3023
Lincoln,5966,13133,19099
Linn,1171,2774,3945
Livingston,1375,3145,4520
Macon,1362,4021,5383
Madison,980,2574,3554
"ConstitutionalConvention Question",YES,NO,Total
Maries,827,2430,3257
Marion,2811,5466,8277
McDonald,1704,4015,5719
Mercer,324,873,1197
Miller,2726,5286,8012
Mississippi,925,1817,2742
Moniteau,1510,3367,4877
Monroe,901,2123,3024
Montgomery,1088,2774,3862
Morgan,2055,4565,6620
New Madrid,1289,2847,4136
Newton,5769,13332,19101
Nodaway,2085,4581,6666
Oregon,777,2112,2889
Osage,1354,3881,5235
Ozark,914,2547,3461
Pemiscot,1054,1856,2910
Perry,1821,4007,5828
Pettis,4286,8414,12700
Phelps,3922,9002,12924
Pike,1369,3513,4882
Platte,13328,25903,39231
Polk,3290,6775,10065
Pulaski,3279,5684,8963
Putnam,518,1063,1581
Ralls,1196,2598,3794
Randolph,2121,5068,7189
Ray,2380,5218,7598
Reynolds,602,1625,2227
Ripley,1084,2463,3547
Saline,1845,4093,5938
"ConstitutionalConvention Question",YES,NO,Total
Schuyler,447,983,1430
Scotland,393,891,1284
Scott,3617,7495,11112
Shannon,611,2120,2731
Shelby,547,1583,2130
St. Charles,48177,92892,141069
St. Clair,1028,2536,3564
St. Francois,5558,11865,17423
St. Louis,120266,230686,350952
St. Louis City,26440,51038,77478
Ste. Genevieve,1839,4280,6119
Stoddard,2658,5533,8191
Stone,4261,8910,13171
Sullivan,359,1279,1638
Taney,5687,11238,16925
Texas,2142,5777,7919
Vernon,1614,4325,5939
Warren,3729,8631,12360
Washington,1880,4732,6612
Wayne,1150,2730,3880
Webster,4269,9408,13677
Worth,230,590,820
Wright,1519,4431,5950
Total,633228,1330427,1963655
